game	39152
fun	17698
love	14659
play	14421
have	13407
but	13208
so	12019
that	10858
get	10814
time	9510
its	9218
playing	8690
very	7926
like	7830
kindle	7766
not	7392
can	7348
candy	7319
great	7194
level	6949
addictive	6647
levels	6461
all	6363
crush	6230
more	6207
be	6144
when	5951
just	5841
are	5774
me	5768
with	5733
lives	5272
dont	5183
at	4650
was	4295
as	4287
cant	4152
am	4125
really	4123
would	4074
your	4027
good	4022
im	3960
addicting	3908
out	3873
now	3800
challenging	3793
much	3610
some	3578
one	3564
friends	3558
do	3554
will	3480
app	3405
games	3366
only	3306
up	3247
they	2930
enjoy	2912
way	2910
wait	2862
facebook	2741
free	2563
keep	2554
too	2547
there	2528
been	2486
finally	2391
stop	2325
fire	2308
want	2293
because	2290
think	2235
about	2192
what	2190
money	2175
addicted	2152
how	2110
down	2106
from	2098
day	2093
long	2076
wish	2054
other	2045
then	2020
pay	2017
no	2013
also	1984
go	1976
waiting	1965
hard	1961
recommend	1934
than	1925
has	1911
buy	1899
frustrating	1884
never	1870
awesome	1832
keeps	1829
pass	1824
got	1820
had	1816
lot	1808
every	1792
could	1784
next	1766
easy	1753
best	1745
need	1742
even	1718
put	1711
stuck	1703
new	1683
glad	1675
hours	1658
phone	1649
try	1647
saga	1621
many	1619
times	1597
see	1584
give	1544
help	1536
challenge	1532
after	1529
make	1513
any	1499
while	1491
ever	1468
makes	1450
back	1436
without	1434
should	1427
them	1406
happy	1394
know	1376
each	1373
still	1368
played	1359
spend	1356
sometimes	1331
lots	1324
having	1319
ive	1313
available	1308
5	1305
little	1276
everyone	1271
over	1252
enough	1245
well	1236
thing	1231
people	1222
once	1219
hooked	1218
different	1206
always	1197
start	1196
we	1195
use	1189
extra	1181
moves	1173
better	1168
who	1162
by	1147
kids	1128
able	1123
mind	1121
again	1120
going	1119
gets	1119
work	1113
though	1112
move	1112
family	1098
didnt	1068
same	1062
before	1050
most	1048
u	1039
find	1028
hate	1022
trying	1017
amazon	1010
why	1003
until	1002
off	994
first	984
getting	970
through	967
thank	963
take	943
few	939
stars	933
life	933
something	913
challenges	894
continue	893
highly	892
beat	866
run	840
purchase	825
nice	825
say	820
version	815
which	810
come	791
started	774
brain	771
3	765
thanks	764
ages	762
being	751
did	747
takes	731
into	731
download	729
minutes	726
win	722
days	713
were	712
doesnt	712
wont	711
graphics	707
does	704
old	702
anyone	698
lol	689
things	686
favorite	685
past	681
update	679
where	677
thats	672
works	671
totally	669
entertaining	668
far	662
sure	659
another	653
super	642
helps	626
difficult	623
thought	621
harder	615
yet	613
wheel	600
bored	599
complete	598
away	598
others	595
since	592
real	591
however	590
right	584
downloaded	584
definitely	582
five	581
please	575
must	575
computer	572
myself	569
pretty	560
annoying	552
daily	547
those	545
let	544
boosters	541
made	533
months	532
seems	525
whole	522
cool	519
end	517
certain	517
anything	515
here	513
ok	511
night	511
worth	510
boring	510
seem	508
three	507
two	500
their	500
candies	500
plays	499
higher	497
unless	494
else	491
coming	490
amp	487
problem	476
almost	476
ask	473
year	471
bit	469
absolutely	466
done	464
weeks	463
havent	463
forever	461
hd	458
quite	456
waste	453
such	452
advance	450
crazy	449
paying	448
screen	445
fast	445
tried	441
bad	441
2	440
loves	436
tablet	435
king	432
understand	428
impossible	427
cannot	427
lose	426
hope	426
us	424
feel	423
excited	421
connect	419
progress	418
puzzle	412
strategy	410
nothing	410
enjoyable	410
these	409
fact	408
doing	408
youre	407
either	405
especially	404
relaxing	402
came	401
buying	400
found	395
she	394
amazing	393
may	388
making	386
busy	382
become	382
thinking	381
simple	381
match	381
id	378
part	376
actually	376
quit	374
spin	372
kill	370
easier	368
relax	367
devices	366
youll	365
instead	364
husband	364
break	364
world	363
frustrated	361
between	360
iphone	359
figure	359
often	357
interesting	357
gives	357
rather	354
fb	354
30	354
least	353
spending	352
luck	352
clear	350
several	348
gave	348
power	345
daughter	344
longer	340
owl	338
big	335
stuff	334
needs	334
both	334
send	332
guess	328
everyday	325
around	325
otherwise	322
last	318
enjoyed	317
said	316
look	316
colors	315
looking	314
point	312
he	312
bonus	312
forward	311
couldnt	310
already	310
puzzles	309
4	306
stress	305
1	305
quickly	303
friend	303
99	303
kind	301
device	301
problems	300
earn	298
addiction	298
apps	295
spent	290
own	290
used	289
lost	289
overall	287
bejeweled	286
ill	285
although	282
star	281
board	281
extremely	280
probably	279
maybe	278
exciting	278
music	277
her	277
awhile	277
soon	276
finish	276
took	275
purchases	275
chance	275
amount	274
working	273
enjoying	273
heard	270
special	269
wonderful	265
reason	264
loved	264
perfect	263
android	261
learn	260
says	259
yourself	257
order	256
age	255
unlock	251
tell	251
score	251
along	251
number	250
mom	249
added	249
our	248
goes	248
disappointed	248
everything	247
sweet	246
store	246
couple	246
wouldnt	245
set	245
might	245
entertained	244
using	243
ups	243
tries	243
colorful	243
yes	241
updates	240
add	240
purchasing	239
20	238
wasnt	237
quests	237
patience	237
gold	234
points	233
during	233
wife	232
account	232
24	230
theres	229
sleep	228
home	227
hour	226
etc	226
fix	223
chocolate	223
ahead	223
ones	221
isnt	221
option	220
sucks	219
constantly	219
words	218
additional	218
someone	217
refuse	217
adults	217
turn	216
stupid	216
given	216
limited	215
laptop	215
items	215
extras	215
careful	215
years	214
limit	214
mindless	212
further	212
deleted	212
cost	211
bombs	211
recommended	208
against	208
wanted	207
truly	206
interest	206
cause	206
believe	206
waited	204
kept	204
pc	203
stay	202
completely	201
plus	200
asking	200
watch	199
children	198
week	197
usually	197
needed	197
excellent	197
eventually	197
tired	196
slow	196
review	196
player	196
line	196
left	196
except	196
cute	196
told	195
skill	195
updated	194
instructions	194
oh	193
later	193
turns	192
word	190
okay	190
likes	190
waster	189
change	187
wants	186
interested	186
delete	186
booster	186
reach	185
less	185
10	185
killer	184
gotten	184
decided	184
rating	183
giving	183
complaint	183
becomes	183
bought	182
ways	179
became	179
son	178
quick	178
full	178
wrong	177
person	177
bed	176
faster	175
entertainment	175
beware	175
easily	174
book	174
bars	174
anymore	174
scores	173
saw	173
hit	173
rate	172
35	172
job	171
jelly	171
ipad	171
variety	169
ago	169
requires	168
pet	168
loads	168
anywhere	168
access	167
440	166
tickets	165
idea	165
course	164
wanting	163
high	163
type	162
ready	162
coins	162
attention	162
players	161
face	160
unwind	159
s	159
matching	159
pick	158
paid	158
possible	157
compete	157
bonuses	157
young	156
crushing	156
additive	156
together	155
starts	154
passing	154
moving	154
month	154
soda	153
matter	153
lifes	153
thru	152
office	152
require	151
beginning	151
100	151
expensive	150
alot	149
whenever	148
whats	148
comes	148
close	148
spare	147
sit	147
seriously	147
n	147
his	147
stopped	146
lets	146
popular	145
till	142
mad	142
live	142
care	142
fine	141
difficulty	141
share	140
four	140
color	140
bigger	140
top	139
similar	139
half	139
passes	138
issues	138
youve	137
tv	137
runs	137
rescue	137
purchased	137
cents	137
requests	136
quest	136
allow	136
short	135
looks	135
itself	135
connected	135
trouble	134
t	134
running	134
load	134
sync	133
jackpot	133
gamei	133
deal	133
sound	132
patient	132
mean	132
issue	131
internet	131
today	130
passed	130
liked	130
hype	130
fan	130
unlimited	129
features	129
ridiculous	128
putting	128
price	128
online	128
asked	128
fall	127
skills	126
rest	126
occupied	126
glitches	126
designed	126
d	126
company	126
boards	126
battery	126
toes	125
timed	125
options	125
50	125
solve	124
show	124
dream	124
doctors	124
tons	123
small	123
loving	123
late	123
kingcom	123
required	122
read	122
prefer	122
talking	121
exercise	121
omg	119
drives	119
yay	117
forget	117
side	116
charge	116
receive	115
23	115
15	115
tough	114
sorry	114
simply	114
place	114
happen	114
dislike	114
saying	113
house	113
anyway	113
sister	112
endless	112
watching	111
sugar	111
reading	110
enjoys	110
cell	110
went	109
tho	109
sucked	109
powerups	109
losing	109
guys	109
seeing	108
plan	108
frustration	108
downloading	108
active	108
yeah	107
warning	107
realize	107
minute	107
gone	107
forced	107
admit	107
open	106
learning	106
entire	106
constant	106
competitive	106
bring	106
blast	106
adding	106
6	106
knew	105
sharp	104
second	104
request	104
l	104
involved	104
hand	104
goal	104
consuming	104
competition	104
chances	104
limits	103
fail	103
everybody	103
bright	103
aggravating	103
recently	102
hands	102
eth	102
catch	102
original	101
kinda	101
fantastic	101
starting	100
leave	100
happens	100
silly	99
seen	99
reviews	99
fuss	99
completed	99
thrilled	98
suck	98
stops	98
smart	98
sitting	98
round	98
pieces	98
morning	98
kid	98
granddaughter	98
cash	98
car	98
taken	97
offers	97
mobile	97
feature	97
eyes	97
anytime	97
allows	97
wasting	96
track	96
social	95
o	95
moment	95
log	95
link	95
figured	95
developers	95
12	94
talk	93
strategies	93
jellies	93
choose	93
winning	92
twice	92
hdx	92
gotta	92
concept	92
beating	92
arent	92
warned	91
taking	91
opinion	91
onto	91
caught	91
addict	91
wonder	90
wifi	90
whatever	90
self	90
room	90
offer	90
keeping	90
inapp	90
beyond	90
willing	89
killing	89
fair	89
changes	89
blah	89
wow	88
sounds	88
reached	88
multiple	88
join	88
drive	88
distraction	88
directions	88
older	87
irritating	87
helpful	87
connection	87
true	86
stages	86
plenty	86
e	86
crack	86
breaks	86
prize	85
per	85
hints	85
him	85
due	85
competing	85
8	85
70	85
7	85
supposed	84
save	84
phones	84
fixed	84
episode	84
check	84
telling	83
step	83
offered	83
loose	83
grandson	83
grandchildren	83
force	83
engaging	83
challenged	83
somewhat	82
reliever	82
loaded	82
ipod	82
effects	82
called	82
adds	82
uninstalled	81
stressful	81
strategic	81
rocks	81
period	81
happened	81
freezes	81
current	81
within	80
farm	80
mostly	79
larger	79
google	79
worked	78
creative	78
choice	78
cc	78
suggest	77
sad	77
land	77
iti	77
hoping	77
clean	77
boosts	77
users	76
tetris	76
stage	76
rip	76
rewards	76
prepared	76
friendly	76
exactly	76
downside	76
call	76
appreciate	76
ads	76
ability	76
gonna	75
gifts	75
fill	75
experience	75
dollars	75
ccs	75
twenty	74
timer	74
sell	74
obsessed	74
huge	74
certainly	74
unfortunately	73
tooth	73
single	73
shouldnt	73
sense	73
row	73
pop	73
ends	73
eat	73
drop	73
bug	73
bringing	73
beg	73
solving	72
school	72
control	72
alone	72
rid	71
program	71
mine	71
grandkids	71
expect	71
deleting	71
conquer	71
cheats	71
bomb	71
appointments	71
allowed	71
various	70
types	70
sent	70
sending	70
relationship	70
introduced	70
gain	70
enjoyment	70
created	70
behind	70
rules	69
regenerate	69
nearly	69
lucky	69
gameplay	69
front	69
eye	69
connecting	69
achieve	69
r	68
proceed	68
locked	68
head	68
fruit	68
dad	68
complaints	68
besides	68
addition	68
th	67
sooo	67
regret	67
received	67
odus	67
hopefully	67
hold	67
h	67
angry	67
unable	66
swipe	66
road	66
rated	66
outs	66
min	66
dreamworld	66
dime	66
wind	65
upset	65
train	65
random	65
pain	65
fly	65
currently	65
completing	65
build	65
wake	64
surprised	64
removed	64
funny	64
feels	64
farther	64
create	64
application	64
turned	63
touch	63
til	63
kindles	63
hear	63
gamer	63
expected	63
everywhere	63
disappointing	63
chose	63
avoid	63
34lives34	63
upgrade	62
support	62
pace	62
name	62
means	62
goodness	62
apple	62
won	61
tricky	61
total	61
ton	61
shut	61
missing	61
looked	61
changing	61
brings	61
attempts	61
whether	60
werent	60
video	60
uses	60
ur	60
uninstall	60
thumbs	60
switch	60
sort	60
rounds	60
pleased	60
parents	60
minimum	60
middle	60
goals	60
forces	60
crashes	60
charged	60
bye	60
across	60
soooo	59
soo	59
section	59
rush	59
remove	59
remember	59
man	59
lunch	59
haha	59
gaming	59
g	59
favorites	59
failed	59
dumb	59
bugs	59
bother	59
story	58
sick	58
mother	58
lame	58
installed	58
helping	58
hang	58
group	58
fairly	58
evening	58
bunch	58
begin	58
9	58
500	58
theyre	57
skip	57
rewarding	57
quicker	57
provides	57
nuts	57
luv	57
hasnt	57
habit	57
coordination	57
child	57
basically	57
versions	56
user	56
title	56
spinning	56
shows	56
negative	56
miss	56
latest	56
honestly	56
helped	56
hearing	56
finished	56
excitement	56
desktop	56
combinations	56
click	56
bottom	56
25	56
13	56
ya	55
spins	55
regular	55
obviously	55
members	55
matches	55
ha	55
freeze	55
figuring	55
appointment	55
thus	54
throw	54
ridiculously	54
release	54
occasionally	54
nor	54
necessary	54
low	54
hook	54
grand	54
feeling	54
escape	54
costs	54
cheat	54
accept	54
wanna	53
under	53
thoroughly	53
ten	53
tells	53
personally	53
none	53
install	53
increase	53
improve	53
greatest	53
gameit	53
episodes	53
earned	53
cheap	53
boredom	53
beautiful	53
adult	53
actual	53
action	53
400	53
yo	52
twist	52
stand	52
seemed	52
reminds	52
rehab	52
plain	52
major	52
linked	52
joy	52
cuz	52
continues	52
button	52
asks	52
200	52
tablets	51
sooooo	51
sign	51
prizes	51
media	51
literally	51
knows	51
error	51
determined	51
consider	51
concentration	51
christmas	51
awsome	51
appears	51
stick	50
non	50
master	50
lovehate	50
girl	50
ending	50
early	50
connects	50
clock	50
clearing	50
blocks	50
twists	49
somewhere	49
resisted	49
replay	49
push	49
product	49
previous	49
periods	49
paced	49
opportunity	49
maddening	49
m	49
lower	49
highest	49
hardly	49
credit	49
bus	49
boy	49
based	49
upper	48
test	48
sooner	48
slightly	48
six	48
screens	48
rigged	48
kills	48
ingredients	48
god	48
galaxy	48
explain	48
compare	48
brought	48
afford	48
wasted	47
system	47
reset	47
ran	47
page	47
p	47
mention	47
jewel	47
forming	47
example	47
date	47
complain	47
charges	47
area	47
34	47
y	46
worlds	46
wondering	46
w	46
syncs	46
showed	46
repetitive	46
relief	46
moments	46
mins	46
invite	46
costly	46
confusing	46
case	46
card	46
agree	46
throughout	45
therefore	45
somehow	45
slot	45
sharing	45
resist	45
realized	45
normally	45
incredibly	45
important	45
immediately	45
hundreds	45
hubby	45
focus	45
above	45
34free34	45
talked	44
offline	44
mental	44
hrs	44
gift	44
future	44
forth	44
entertain	44
engaged	44
crash	44
yr	43
worse	43
tools	43
tips	43
shuts	43
refill	43
pure	43
noticed	43
moved	43
mix	43
knowing	43
hey	43
funi	43
explanation	43
begging	43
avoided	43
annoyed	43
write	42
upgrades	42
unlike	42
strategize	42
stinks	42
senior	42
samsung	42
reinstall	42
pull	42
post	42
logic	42
heroes	42
folks	42
finding	42
fee	42
drops	42
customer	42
brother	42
boost	42
b	42
amazingly	42
125	42
trust	41
thirty	41
surprise	41
succeed	41
striped	41
relaxes	41
reccomend	41
places	41
occupy	41
obstacles	41
near	41
locks	41
including	41
hungry	41
draw	41
dr	41
damn	41
cut	41
combination	41
changed	41
appstore	41
via	40
terrible	40
restart	40
perfectly	40
million	40
hair	40
gameits	40
gamebut	40
freezing	40
dollar	40
daughters	40
darn	40
creators	40
compared	40
business	40
broke	40
bank	40
aspect	40
accomplish	40
36	40
younger	39
wonderfully	39
sometime	39
smartphone	39
reward	39
recomend	39
pressure	39
mode	39
message	39
loading	39
list	39
interact	39
groups	39
ended	39
diversion	39
disappear	39
delicious	39
complicated	39
complex	39
collect	39
characters	39
aware	39
airport	39
teaser	38
suppose	38
sudden	38
speed	38
smooth	38
ride	38
provide	38
process	38
planning	38
passer	38
obsession	38
needing	38
makers	38
letting	38
kindlei	38
held	38
guessing	38
doctor	38
caution	38
built	38
bejewled	38
ad	38
65	38
worst	37
unique	37
theme	37
site	37
progressively	37
piece	37
particular	37
memory	37
item	37
holds	37
guy	37
grab	37
filled	37
drawback	37
continually	37
contact	37
combos	37
birds	37
099	37
windows	36
walk	36
upon	36
trip	36
ticket	36
opportunities	36
learned	36
freaking	36
fairy	36
f	36
ease	36
cleared	36
checking	36
bummer	36
bubble	36
becoming	36
anybody	36
advancing	36
weird	35
tricks	35
traveling	35
tempted	35
stopping	35
stimulating	35
shame	35
quality	35
practice	35
papa	35
longest	35
info	35
impressed	35
frustrates	35
fish	35
fight	35
everytime	35
doubt	35
creating	35
count	35
classic	35
blow	35
basic	35
40	35
writing	34
worry	34
synced	34
spot	34
smoothly	34
scam	34
saved	34
satisfying	34
risk	34
ripoff	34
quot	34
productive	34
poor	34
pleasure	34
pear	34
nonstop	34
nights	34
hated	34
follow	34
dull	34
decide	34
correct	34
chocolates	34
childish	34
ball	34
aside	34
amusing	34
adicting	34
300	34
199	34
17	34
wrapped	33
warn	33
trips	33
terrific	33
space	33
slowly	33
rooms	33
reasons	33
quotlivesquot	33
meet	33
lines	33
likely	33
kinds	33
key	33
instruction	33
impatient	33
fresh	33
edition	33
developer	33
death	33
cent	33
carry	33
bet	33
areas	33
activity	33
yall	32
style	32
stressed	32
service	32
seconds	32
recharge	32
reality	32
parts	32
notice	32
nd	32
known	32
jump	32
itits	32
hurry	32
horrible	32
happening	32
grandma	32
glitch	32
frustratingly	32
frozen	32
fingers	32
email	32
dreamland	32
downfall	32
crap	32
content	32
clearly	32
blitz	32
adventure	32
accomplishment	32
yea	31
workout	31
whoever	31
wherever	31
timei	31
tasty	31
tasks	31
steps	31
purpose	31
plane	31
picked	31
particularly	31
ordered	31
max	31
lately	31
increasingly	31
ignore	31
hes	31
heart	31
gamevery	31
frustrate	31
eating	31
continuously	31
balls	31
background	31
automatically	31
alike	31
1st	31
wise	30
voice	30
vary	30
thinks	30
serious	30
penny	30
patiently	30
otis	30
niece	30
neat	30
market	30
listen	30
insane	30
ingame	30
helpers	30
hell	30
hearts	30
girls	30
frequently	30
food	30
focused	30
fir	30
discovered	30
design	30
dang	30
causes	30
brilliant	30
books	30
biggest	30
bc	30
attempt	30
animation	30
alert	30
advanced	30
addicts	30
14	30
zero	29
yummy	29
unlocked	29
timing	29
tests	29
staying	29
satisfaction	29
receiving	29
race	29
pleasant	29
perks	29
perhaps	29
kick	29
initially	29
increases	29
housework	29
heck	29
general	29
gamethe	29
flies	29
felt	29
die	29
describe	29
craze	29
crashing	29
checked	29
charging	29
appear	29
addictivei	29
147	29
wallet	28
terribly	28
tend	28
suddenly	28
success	28
squares	28
sets	28
rely	28
reload	28
re	28
quiet	28
patterns	28
millions	28
messages	28
listening	28
jewels	28
include	28
driving	28
develop	28
creepy	28
creator	28
boyfriend	28
bird	28
asleep	28
allowing	28
accomplished	28
yesterday	27
urge	27
turning	27
trademark	27
swore	27
stole	27
shes	27
satisfied	27
return	27
reaching	27
quotfreequot	27
possibly	27
payment	27
lt3	27
lollipops	27
laugh	27
large	27
lack	27
information	27
imagine	27
ie	27
hot	27
hats	27
greedy	27
genius	27
form	27
fell	27
factor	27
explode	27
entirely	27
deserves	27
decent	27
coworkers	27
comment	27
combine	27
cold	27
blackberry	27
accidentally	27
2nd	27
29	27
winter	26
wins	26
surprises	26
stays	26
size	26
replenish	26
reinstalled	26
regularly	26
rarely	26
numbing	26
nickel	26
news	26
mystery	26
main	26
lvl	26
loss	26
liking	26
instantly	26
guilty	26
fully	26
feed	26
controls	26
comments	26
coffee	26
chores	26
c	26
aggravated	26
absolute	26
99cent	26
80	26
60	26
wished	25
vs	25
value	25
travel	25
tougher	25
timeouts	25
themselves	25
team	25
swap	25
shapes	25
separate	25
relieve	25
rainy	25
pastime	25
offering	25
numerous	25
note	25
meant	25
machine	25
lollipop	25
kindel	25
kidding	25
husbands	25
handy	25
hadnt	25
goodies	25
generally	25
gamelove	25
effort	25
crashed	25
con	25
clever	25
chapter	25
burn	25
advertised	25
adictive	25
youd	24
wondered	24
useful	24
updating	24
ugh	24
tutorial	24
trial	24
task	24
successfully	24
straight	24
steal	24
soooooo	24
showing	24
randomly	24
properly	24
promise	24
present	24
powers	24
poop	24
picture	24
obvious	24
obsessive	24
mistake	24
minds	24
mess	24
managed	24
lock	24
light	24
j	24
itit	24
itbut	24
interaction	24
infinite	24
honest	24
hidden	24
hammer	24
gameso	24
froze	24
filler	24
evil	24
downtime	24
double	24
dinner	24
cuts	24
copy	24
continuing	24
compatible	24
claim	24
choices	24
breeze	24
body	24
barely	24
awesomely	24
advertising	24
witch	23
wall	23
variations	23
thrill	23
temptation	23
smoking	23
seven	23
scoring	23
roll	23
released	23
relaxation	23
puts	23
presents	23
positive	23
playi	23
outright	23
originally	23
object	23
nerves	23
moon	23
moms	23
missed	23
knock	23
journey	23
joke	23
intense	23
hint	23
gamers	23
funbut	23
freebies	23
format	23
falls	23
electronic	23
edge	23
earlier	23
drug	23
despite	23
data	23
clue	23
chess	23
calories	23
butt	23
bugging	23
bout	23
black	23
bill	23
bejewelled	23
beats	23
basis	23
apparently	23
answer	23
amounts	23
among	23
alright	23
advice	23
181	23
web	22
v	22
tool	22
third	22
swear	22
suggestions	22
successful	22
spam	22
search	22
results	22
renew	22
refresh	22
recent	22
products	22
ppl	22
outside	22
objects	22
objectives	22
nerve	22
men	22
hurt	22
hole	22
grown	22
greatly	22
gladly	22
fortune	22
f2f	22
exercises	22
encountered	22
droid	22
drain	22
crushed	22
costing	22
combined	22
boss	22
boggling	22
block	22
began	22
balance	22
awesomeness	22
asap	22
unfair	21
tokens	21
tiles	21
thankfully	21
sisters	21
rides	21
retired	21
respond	21
reasonable	21
portable	21
pops	21
platform	21
persistence	21
pattern	21
numbers	21
normal	21
nature	21
lag	21
lady	21
kindlefire	21
indeed	21
hundred	21
hoopla	21
hi	21
hates	21
hardest	21
greed	21
effect	21
dreams	21
difference	21
defeat	21
crusher	21
corner	21
commercials	21
chill	21
challange	21
calls	21
boys	21
box	21
boo	21
bathroom	21
247	21
18	21
1000	21
yep	20
unlocking	20
uninstalling	20
trick	20
teaches	20
taste	20
surprisingly	20
stresses	20
stayed	20
sons	20
slower	20
shot	20
sends	20
seemingly	20
sections	20
safe	20
rage	20
pulling	20
missions	20
mentally	20
leveli	20
kicks	20
k	20
invites	20
healthy	20
gameand	20
flight	20
fills	20
fabulous	20
earning	20
developed	20
dead	20
customers	20
considering	20
concentrate	20
computers	20
caved	20
beaten	20
appropriate	20
ap	20
annoy	20
alternative	20
advise	20
34buy34	20
11	20
yup	19
worries	19
watched	19
upfront	19
understanding	19
tempting	19
syncing	19
strong	19
stimulates	19
specific	19
solitaire	19
software	19
smile	19
select	19
sadly	19
requiring	19
repeat	19
regain	19
refused	19
public	19
prepare	19
popping	19
plz	19
perseverance	19
peace	19
pays	19
party	19
officially	19
objective	19
network	19
maker	19
lovely	19
logged	19
living	19
leaves	19
interactive	19
infuriating	19
happier	19
guide	19
grandmother	19
geared	19
fond	19
enter	19
dose	19
distract	19
disappointment	19
disappoint	19
destress	19
desk	19
designers	19
delay	19
definately	19
creates	19
counting	19
consume	19
companies	19
class	19
cherries	19
cells	19
bummed	19
builds	19
buck	19
boom	19
beans	19
appeal	19
anyways	19
x	18
understood	18
troubles	18
treat	18
transfer	18
teach	18
target	18
spots	18
slide	18
situation	18
scream	18
response	18
relatively	18
progression	18
pro	18
picking	18
pad	18
overly	18
olds	18
nephew	18
monotonous	18
match3	18
map	18
law	18
lap	18
itso	18
itll	18
increasing	18
included	18
ii	18
hospital	18
flat	18
exasperating	18
drag	18
depending	18
critical	18
cousin	18
continuous	18
continued	18
colored	18
caused	18
calm	18
bucks	18
bedtime	18
beautifully	18
aunt	18
anonymous	18
amazed	18
advantage	18
350	18
34candy	18
140	18
yours	17
welcome	17
weekend	17
view	17
tomorrow	17
switching	17
suggested	17
sucker	17
struggle	17
st	17
spinner	17
specials	17
soul	17
solution	17
session	17
rich	17
retry	17
restrictions	17
restored	17
question	17
prompts	17
pleasantly	17
pester	17
personal	17
parental	17
overcome	17
offices	17
newer	17
minor	17
meaning	17
maximum	17
lil	17
laundry	17
joined	17
involve	17
intriguing	17
intervention	17
intended	17
hitting	17
history	17
heros	17
hammers	17
flaws	17
fits	17
finishing	17
fellow	17
favor	17
fans	17
exception	17
drs	17
downi	17
desire	17
delightful	17
dark	17
cross	17
credits	17
convinced	17
camper	17
bandwagon	17
andor	17
allotted	17
aint	17
afraid	17
additions	17
21	17
wrote	16
woot	16
volume	16
vibrant	16
unbelievable	16
ultimate	16
tip	16
tiny	16
timeout	16
teaching	16
sucking	16
stated	16
smaller	16
shorter	16
setting	16
secret	16
sage	16
requesting	16
removing	16
racking	16
pushes	16
provoking	16
progressing	16
prices	16
premise	16
platforms	16
path	16
noise	16
mini	16
luckily	16
lovers	16
links	16
length	16
kingdom	16
kicked	16
interface	16
initial	16
income	16
ideas	16
homework	16
heres	16
hectic	16
gradually	16
glitchy	16
girlfriend	16
gem	16
gambling	16
flash	16
finger	16
fav	16
failing	16
energy	16
eight	16
draws	16
doable	16
depend	16
delighted	16
defiantly	16
decision	16
cup	16
crushi	16
crunch	16
countless	16
contacted	16
conquered	16
complexity	16
closes	16
casual	16
blue	16
awful	16
average	16
appealing	16
annoyingly	16
amp34	16
altogether	16
ah	16
advancement	16
accumulate	16
89	16
72	16
68	16
45	16
34candy34	16
100s	16
zone	15
visual	15
violence	15
unwinding	15
unbeatable	15
typical	15
tree	15
tonight	15
ti	15
theyve	15
therapy	15
thankful	15
tends	15
tedious	15
taught	15
stripes	15
square	15
simplicity	15
sheer	15
selling	15
searching	15
scored	15
saves	15
ruined	15
rock	15
rights	15
raving	15
puzzling	15
pulls	15
prompted	15
progresses	15
practically	15
posted	15
playingi	15
playable	15
personality	15
patients	15
opposed	15
obtain	15
nook	15
nine	15
nicer	15
newest	15
mood	15
model	15
mastered	15
manage	15
lie	15
kf	15
inviting	15
inside	15
improvement	15
idle	15
glued	15
forcing	15
firei	15
explanations	15
experienced	15
evenings	15
encouraged	15
em	15
don	15
dog	15
distracting	15
discouraging	15
discouraged	15
dies	15
decides	15
crush34	15
convenient	15
comparing	15
common	15
citizen	15
cheated	15
cheaper	15
challengingi	15
causing	15
captivating	15
buzz	15
bothers	15
blowing	15
blame	15
bar	15
appeared	15
amp603	15
aids	15
addictingi	15
99cents	15
37	15
28	15
27	15
2013	15
165	15
104	15
0	15
winner	14
whom	14
virtual	14
variation	14
vacation	14
usual	14
useless	14
tune	14
trap	14
training	14
tire	14
tied	14
theyd	14
tad	14
tactics	14
sweets	14
surely	14
strategizing	14
strategically	14
strangely	14
strange	14
sooooooo	14
signed	14
sexy	14
resume	14
restore	14
relaxed	14
regardless	14
regarding	14
rack	14
pushing	14
pocket	14
outstanding	14
os	14
opened	14
occasional	14
mentioned	14
marketing	14
limiting	14
legal	14
lands	14
keeper	14
ityou	14
invited	14
insanely	14
icon	14
hr	14
hassle	14
gosh	14
generation	14
gems	14
gameyou	14
funits	14
freemium	14
flawlessly	14
father	14
falling	14
fake	14
extreme	14
encourage	14
empty	14
ecstatic	14
dozen	14
described	14
dentist	14
crying	14
crushes	14
crave	14
confused	14
collecting	14
cloud	14
childs	14
cares	14
calming	14
blood	14
blocked	14
bam	14
baby	14
aspects	14
adventures	14
accessible	14
86	14
73	14
5star	14
32	14
150	14
110	14
yrs	13
xbox	13
wouldve	13
woo	13
wo	13
weight	13
weather	13
visually	13
visit	13
violent	13
ty	13
towards	13
tor	13
terms	13
summer	13
stumped	13
storyline	13
stoked	13
state	13
standard	13
sleepy	13
sleeping	13
shutting	13
resolved	13
requirements	13
report	13
relatives	13
register	13
quotcandy	13
quitting	13
provided	13
programmed	13
prime	13
previously	13
prevent	13
plugging	13
peoples	13
package	13
owners	13
out34	13
opening	13
notifications	13
mixed	13
mindlessly	13
mainly	13
lovelove	13
logical	13
lived	13
lasted	13
junk	13
jeweled	13
jellys	13
jealous	13
itthe	13
irritated	13
intend	13
installing	13
improved	13
immensely	13
ignored	13
hesitant	13
grabs	13
goodbye	13
gen	13
gamecant	13
funniest	13
final	13
filling	13
fighting	13
favourite	13
extended	13
explained	13
elements	13
dry	13
dreaming	13
drains	13
downloads	13
distracted	13
dishes	13
disappeared	13
died	13
diamond	13
depends	13
deep	13
commute	13
com	13
clans	13
cheating	13
cat	13
candys	13
candyland	13
candycrush	13
calling	13
buster	13
bs	13
blank	13
bingo	13
begins	13
attempting	13
attached	13
appreciated	13
anticipation	13
anger	13
amused	13
air	13
adore	13
addictivebut	13
act	13
achieving	13
5stars	13
3rd	13
130	13
youngest	12
wit	12
window	12
winding	12
wifes	12
wide	12
white	12
wee	12
walking	12
vegas	12
utilize	12
undo	12
un	12
truth	12
town	12
timewaster	12
throws	12
thrown	12
thousands	12
thoughts	12
tech	12
tease	12
sum	12
suggestion	12
subway	12
strongly	12
states	12
ssh	12
sprinkle	12
solved	12
sneaky	12
sleepless	12
situations	12
shopping	12
shape	12
sessions	12
seniors	12
screw	12
rule	12
returning	12
result	12
restriction	12
replenished	12
replaying	12
repeatedly	12
remaining	12
remain	12
red	12
realy	12
rave	12
racing	12
questions	12
position	12
pointless	12
pleasing	12
periodically	12
ons	12
odd	12
nite	12
met	12
mail	12
madness	12
lvls	12
loses	12
loop	12
login	12
logging	12
levelsi	12
lemonade	12
lags	12
kings	12
kindlelove	12
jus	12
jumped	12
itlove	12
invested	12
instagram	12
individual	12
independent	12
improves	12
improvements	12
horribly	12
handeye	12
growing	12
gripe	12
graphic	12
gifted	12
gamewish	12
gamejust	12
gameeven	12
funfun	12
forgot	12
fool	12
following	12
flashing	12
fires	12
farthest	12
failure	12
excuse	12
exact	12
everi	12
epic	12
engrossed	12
endlessly	12
dropped	12
donuts	12
discipline	12
details	12
def	12
dayi	12
curious	12
creativity	12
cousins	12
correctly	12
consumes	12
consumer	12
colourful	12
collection	12
challanging	12
catching	12
casino	12
bridge	12
battle	12
avail	12
associated	12
assistance	12
assist	12
ashamed	12
art	12
ans	12
alternate	12
afternoon	12
addictivelove	12
accumulated	12
abilities	12
95	12
92	12
51	12
34time	12
34saga34	12
200s	12
yelling	11
whos	11
wheres	11
vivid	11
upgraded	11
treats	11
trapped	11
transactions	11
throwing	11
threw	11
text	11
teens	11
tea	11
tap	11
talks	11
systems	11
swiping	11
stories	11
stolen	11
status	11
spouse	11
spends	11
song	11
somebody	11
slots	11
shown	11
setup	11
settings	11
scenes	11
s4	11
ruins	11
ruin	11
rows	11
routine	11
ripped	11
restarted	11
requirement	11
replaced	11
repeating	11
reloaded	11
reader	11
reaction	11
rank	11
range	11
providing	11
profile	11
prior	11
ploy	11
planet	11
pit	11
persevere	11
payments	11
occasion	11
nowhere	11
nicely	11
mouse	11
motion	11
mission	11
minimal	11
micro	11
matchthree	11
linking	11
levelsbut	11
leaving	11
lead	11
lay	11
kudos	11
junkie	11
joining	11
itthis	11
itim	11
involves	11
intrusive	11
interruptions	11
instant	11
instance	11
hopes	11
hooray	11
hoo	11
hero	11
hello	11
heaven	11
happily	11
hahaha	11
gun	11
grows	11
green	11
gamethis	11
gamekeeps	11
funds	11
fork	11
fooled	11
flow	11
fifty	11
familiar	11
extend	11
excessive	11
entice	11
entertains	11
encourages	11
emotions	11
eliminate	11
eh	11
dying	11
drugs	11
dis	11
dimed	11
differently	11
differences	11
devise	11
deserve	11
demands	11
da	11
copyright	11
convince	11
conversation	11
considered	11
connectivity	11
concerned	11
completion	11
commercial	11
coconut	11
clone	11
clears	11
cellphone	11
carnival	11
building	11
brains	11
birthday	11
benefit	11
arrived	11
arrive	11
apply	11
appi	11
apart	11
anxious	11
animations	11
advertisements	11
advertise	11
adorable	11
additionally	11
activities	11
achieved	11
accident	11
76	11
69	11
499	11
450	11
425	11
300s	11
16	11
105	11
102	11
yell	10
yahoo	10
xxx	10
woman	10
wishing	10
wisely	10
waist	10
visuals	10
virus	10
versus	10
valuable	10
uhh	10
toward	10
titles	10
timers	10
thanx	10
switched	10
surgery	10
suffer	10
succumbed	10
study	10
stock	10
standing	10
spread	10
spaces	10
soooooooo	10
solo	10
snow	10
skeptical	10
series	10
seat	10
sd	10
schedule	10
rewarded	10
reviewers	10
retrieve	10
requested	10
repeated	10
relieves	10
releasing	10
related	10
refund	10
refreshing	10
redo	10
realizing	10
quotcandyquot	10
prove	10
promised	10
priced	10
potential	10
portion	10
popped	10
playtime	10
playthe	10
plans	10
pity	10
phase	10
persistent	10
permission	10
penalty	10
pathetic	10
overwhelming	10
opt	10
onetime	10
nope	10
net	10
neither	10
needless	10
nasty	10
mommy	10
meetings	10
meeting	10
lov	10
loosing	10
lo	10
lined	10
levelit	10
lasts	10
lake	10
kindlenow	10
killed	10
invented	10
introduce	10
interrupted	10
insomnia	10
includes	10
images	10
iam	10
hooks	10
holiday	10
heads	10
guaranteed	10
guarantee	10
grow	10
grateful	10
grate	10
granted	10
grandsons	10
goto	10
generate	10
gamegreat	10
functions	10
frequent	10
frame	10
flaw	10
fit	10
fiance	10
fed	10
fault	10
farmville	10
families	10
fame	10
fallen	10
fails	10
exploding	10
expectations	10
exercising	10
everyones	10
equally	10
enhance	10
element	10
elderly	10
easiest	10
divine	10
direction	10
desperate	10
delays	10
degree	10
dedicated	10
dance	10
curve	10
creation	10
craving	10
cookie	10
consistent	10
combo	10
combining	10
chat	10
candyswipe	10
cancel	10
ca	10
budget	10
bricks	10
bothered	10
benefits	10
beginner	10
auto	10
audio	10
ate	10
article	10
appt	10
anxiously	10
annoyance	10
amazons	10
advantages	10
55	10
435	10
420	10
34sweet34	10
19	10
120	10
zombies	9
worried	9
whistles	9
wheels	9
water	9
wastes	9
waits	9
visits	9
virtually	9
victory	9
vice	9
varied	9
usage	9
upsetting	9
unexpected	9
ultimately	9
typically	9
tuff	9
transferred	9
trade	9
toshiba	9
tis	9
timekiller	9
thx	9
tht	9
thrilling	9
themes	9
thankyou	9
tension	9
tempt	9
television	9
table	9
tab	9
symbols	9
sweetest	9
surrounding	9
superb	9
sun	9
stubborn	9
struggling	9
stimulation	9
stealing	9
starter	9
speak	9
source	9
soooooooooooo	9
sooooooooo	9
someday	9
sneak	9
slight	9
shocked	9
shared	9
settle	9
screwed	9
scheme	9
saving	9
sat	9
sanity	9
sales	9
sagas	9
riding	9
resolution	9
reply	9
reinstalling	9
reflexes	9
recover	9
reboot	9
reasonably	9
raise	9
programming	9
productivity	9
pot	9
positively	9
popularity	9
performance	9
peer	9
pack	9
overrated	9
ot	9
opposite	9
operating	9
occupies	9
occasions	9
notification	9
nobody	9
nighttime	9
navigate	9
naturally	9
muchi	9
minecraft	9
microtransactions	9
messed	9
mesmerizing	9
meh	9
math	9
manner	9
manipulated	9
lover	9
lives34	9
limitations	9
lg	9
lever	9
lesson	9
leisure	9
laughing	9
ladder	9
kindleits	9
kg	9
jumping	9
jack	9
itand	9
ios	9
ilove	9
ignoring	9
huh	9
hopelessly	9
hide	9
hence	9
hee	9
headache	9
handle	9
gratification	9
grandparents	9
granddaughters	9
genre	9
generated	9
garbage	9
gamelots	9
gamehate	9
gamefun	9
game34	9
funit	9
fungreat	9
function	9
flappy	9
fixes	9
file	9
feet	9
fees	9
fear	9
fat	9
fad	9
explains	9
exit	9
event	9
erased	9
draining	9
donut	9
difficulties	9
development	9
determine	9
determination	9
detail	9
decompress	9
de	9
cry	9
craziness	9
country	9
constructive	9
consistently	9
comfortable	9
closer	9
cleaning	9
choosing	9
cheers	9
chair	9
catchy	9
catches	9
cards	9
bust	9
bubbles	9
brown	9
breaking	9
bells	9
behold	9
beet	9
banner	9
bag	9
badly	9
attraction	9
arcade	9
anxiety	9
aid	9
againi	9
addons	9
addictively	9
addictiveand	9
addictedi	9
actions	9
90	9
75	9
63	9
62	9
57	9
52	9
34match	9
245	9
2014	9
youth	8
yadda	8
worthless	8
withdrawal	8
website	8
visiting	8
videos	8
versa	8
unlocks	8
universe	8
unhappy	8
unclear	8
unbelievably	8
unavailable	8
um	8
ugly	8
typing	8
tutorials	8
trys	8
tremendously	8
trash	8
trains	8
tops	8
toilet	8
tiresome	8
timeand	8
tie	8
throne	8
theyll	8
term	8
teeth	8
sweetness	8
surprising	8
supposedly	8
sugary	8
submit	8
struck	8
stripped	8
stripe	8
steals	8
sprinkled	8
spite	8
spectacular	8
speaks	8
sorts	8
solutions	8
smiling	8
smiles	8
smarter	8
shop	8
shell	8
searched	8
scenarios	8
scale	8
sale	8
revenue	8
restarts	8
responsibilities	8
resent	8
remind	8
reluctant	8
regeneration	8
refills	8
refilled	8
recommendation	8
reccommend	8
quotsagaquot	8
quotjust	8
quothelpquot	8
quotfriendsquot	8
pushed	8
purple	8
ps	8
prevents	8
pressured	8
press	8
precious	8
posting	8
pogo	8
playit	8
plants	8
pause	8
password	8
outcome	8
orders	8
oops	8
odds	8
obstacle	8
obnoxious	8
nut	8
noticing	8
nightly	8
newbie	8
nevertheless	8
natural	8
names	8
nails	8
multi	8
movie	8
movements	8
movement	8
monster	8
modern	8
mixing	8
mindnumbing	8
mildly	8
midnight	8
method	8
meow	8
member	8
mei	8
mark	8
mania	8
machines	8
mac	8
lying	8
lure	8
loyal	8
longtime	8
livesi	8
listed	8
lime	8
lifetime	8
layout	8
lagging	8
knowledge	8
kindleso	8
kindleand	8
kiddos	8
keys	8
itvery	8
itd	8
iphones	8
invest	8
ins	8
incentive	8
importantly	8
icons	8
human	8
household	8
hoursi	8
hoped	8
honesty	8
helper	8
hay	8
hat	8
guest	8
greati	8
gimmicks	8
gimmick	8
funvery	8
funjust	8
funand	8
frusterating	8
fruits	8
frankly	8
fortunately	8
flying	8
flights	8
finely	8
finds	8
field	8
feedback	8
fave	8
fastpaced	8
factory	8
eyehand	8
extent	8
expired	8
expense	8
expecting	8
essentially	8
engage	8
elses	8
electronics	8
ed	8
earth	8
drove	8
dropping	8
downs	8
dnt	8
discover	8
disappears	8
deluxe	8
definite	8
deceptively	8
dare	8
curse	8
crushers	8
crappy	8
couch	8
cooler	8
cooking	8
convenience	8
contest	8
contain	8
consideration	8
concern	8
compulsive	8
comparison	8
co	8
clues	8
closed	8
clicked	8
clash	8
choke	8
chips	8
character	8
challaging	8
chain	8
cap	8
cans	8
cam	8
calms	8
bypass	8
buttons	8
burning	8
buggy	8
btw	8
bragging	8
bothering	8
boot	8
blows	8
below	8
awesomei	8
availability	8
attractive	8
attempted	8
assume	8
applications	8
apparent	8
analyze	8
amusement	8
amongst	8
amazoncom	8
alive	8
airports	8
aha	8
advances	8
addictivecant	8
77	8
67	8
64	8
445	8
430	8
400s	8
34sugar	8
34hooked34	8
34helps34	8
34friends34	8
34free	8
33	8
31	8
24hrs	8
205	8
167	8
149	8
126	8
youtube	7
xd	7
woohoo	7
women	7
wireless	7
wild	7
whip	7
whimsical	7
weve	7
wear	7
watches	7
wasters	7
waking	7
vowed	7
vertical	7
veg	7
upsets	7
upi	7
uh	7
trend	7
toplay	7
tooo	7
tome	7
timeits	7
tight	7
ticking	7
ticked	7
thrive	7
thousand	7
thisi	7
thinker	7
theory	7
thati	7
teen	7
teasing	7
synch	7
sweeter	7
swapping	7
surpassed	7
suitable	7
sued	7
sucky	7
substitute	7
stimulated	7
sports	7
splash	7
spirit	7
soothing	7
soooooooooo	7
somethings	7
solitare	7
solely	7
snowy	7
smoke	7
smh	7
smash	7
slip	7
sites	7
sis	7
signing	7
sight	7
sides	7
sharpen	7
sex	7
segment	7
seamlessly	7
seamless	7
se	7
sauce	7
satisfy	7
sane	7
sake	7
sagai	7
ruining	7
roadblocks	7
ripping	7
responsible	7
renewed	7
refuses	7
recommending	7
recognition	7
rebooted	7
reasoning	7
reaches	7
raves	7
raved	7
ratings	7
rare	7
quottime	7
quotsweetquot	7
proud	7
prompt	7
pricey	7
praise	7
powerup	7
pool	7
plot	7
plat	7
pictures	7
persons	7
permissions	7
penalized	7
payed	7
pauses	7
participate	7
parent	7
pages	7
packed	7
oriented	7
optional	7
operates	7
opens	7
oni	7
onei	7
ole	7
occur	7
nt	7
noon	7
nonsense	7
nonetheless	7
neverending	7
necessarily	7
named	7
molly	7
misleading	7
minded	7
menu	7
medical	7
mechanics	7
meals	7
mario	7
march	7
majority	7
lord	7
ll	7
livesquot	7
lights	7
lifei	7
licorice	7
lazy	7
laid	7
kool	7
july	7
jam	7
itplay	7
itif	7
it34	7
inventing	7
intrigued	7
intentionally	7
intelligent	7
input	7
incredible	7
increased	7
incentives	7
inbetween	7
immediate	7
identical	7
iap	7
hyper	7
hung	7
hostage	7
horizontal	7
holding	7
hits	7
haven	7
gum	7
gt	7
greater	7
grandchild	7
gr8	7
goo	7
gimme	7
generous	7
gamesbut	7
gamequot	7
gamenot	7
gamemy	7
fyi	7
fustrating	7
funmy	7
fungood	7
funfunfun	7
frustratingi	7
freely	7
freakin	7
fourth	7
former	7
formats	7
followed	7
fascinating	7
express	7
explosions	7
explore	7
exited	7
exist	7
exhilarating	7
exhausted	7
excelent	7
er	7
engrossing	7
embarrassed	7
elated	7
eg	7
educational	7
eats	7
easybut	7
eagerly	7
duper	7
ducks	7
downright	7
disgusted	7
disagree	7
disable	7
directly	7
digital	7
developing	7
detailed	7
despise	7
desired	7
description	7
demand	7
definetly	7
defeated	7
deducted	7
dealing	7
dash	7
dangerous	7
cutting	7
cursing	7
crushquot	7
crushin	7
coworker	7
copied	7
contacts	7
consumed	7
connections	7
configurations	7
complaining	7
compelling	7
compelled	7
comparable	7
columns	7
colours	7
closing	7
circle	7
childhood	7
cheesy	7
cautious	7
carried	7
cake	7
bunny	7
bunches	7
broken	7
bro	7
brainer	7
borrow	7
blind	7
bits	7
believed	7
bait	7
awards	7
arm	7
approve	7
ant	7
annoys	7
andriod	7
alas	7
affect	7
address	7
addictingbut	7
actively	7
acting	7
absurd	7
90s	7
71	7
60s	7
58	7
48	7
470	7
34i	7
34bejeweled34	7
347	7
275	7
1520	7
128	7
z10	6
youthank	6
youi	6
wtf	6
written	6
wrappers	6
worthwhile	6
withdrawals	6
wiped	6
wicked	6
whose	6
virtue	6
vey	6
ve	6
varying	6
upload	6
unusual	6
unused	6
unnecessary	6
twitter	6
twelve	6
truthfully	6
truely	6
troll	6
treadmill	6
toss	6
toddler	6
timesbut	6
timeit	6
timeif	6
timebut	6
tim	6
thin	6
thier	6
temple	6
technology	6
teacher	6
taxing	6
tapping	6
tapped	6
sweetly	6
survey	6
supporting	6
suing	6
suckers	6
stump	6
studying	6
strikes	6
stores	6
stink	6
station	6
staring	6
spool	6
somuch	6
solitary	6
solid	6
sm	6
slows	6
sincerely	6
signal	6
sigh	6
shuffle	6
shoot	6
shall	6
sequel	6
sept	6
secretly	6
scene	6
sagaquot	6
s3	6
rough	6
rome	6
retrys	6
respect	6
resisting	6
reputation	6
repetitious	6
remains	6
relieving	6
releases	6
refer	6
reduces	6
reconnect	6
recognize	6
randomness	6
quotno	6
quoti	6
quotaddictingquot	6
q	6
pushy	6
purposely	6
punch	6
pulled	6
proven	6
proper	6
project	6
profit	6
prob	6
pressed	6
practices	6
potato	6
posts	6
pod	6
playlove	6
playin	6
playand	6
planned	6
pissed	6
pink	6
phases	6
pestering	6
perspective	6
perform	6
patent	6
pas	6
paper	6
outrageous	6
orange	6
ongoing	6
official	6
nursing	6
nuisance	6
nuances	6
nintendo	6
networking	6
nephews	6
neglect	6
nag	6
mute	6
muchit	6
mr	6
motor	6
motivated	6
monitor	6
momma	6
modes	6
mmmm	6
mire	6
messes	6
marriage	6
manipulate	6
lovin	6
loud	6
losses	6
locking	6
liveslol	6
livesand	6
listened	6
limitation	6
levelquot	6
leveling	6
lest	6
legit	6
leg	6
leads	6
launch	6
laughs	6
la	6
kendal	6
juvenile	6
juice	6
jk	6
itunes	6
itthank	6
itnot	6
itjust	6
itawesome	6
itall	6
irritates	6
ipads	6
investment	6
invent	6
intention	6
injury	6
inclined	6
inch	6
inappropriate	6
impulse	6
improving	6
impatiently	6
imo	6
illegal	6
hurdle	6
hoot	6
hoops	6
hobby	6
hmmmm	6
hip	6
heavy	6
health	6
hdi	6
hating	6
harmless	6
gsme	6
grind	6
grew	6
grandaughter	6
grabber	6
gane	6
gamewe	6
gamethank	6
gamesome	6
gamesi	6
gamereally	6
gamehowever	6
furthermore	6
funtime	6
fund	6
functioning	6
frustrations	6
friendsi	6
friends34	6
flipping	6
fewer	6
false	6
eyesight	6
exchange	6
events	6
equal	6
enthralling	6
encouraging	6
emails	6
emailed	6
elsewhere	6
ect	6
eater	6
duh	6
dude	6
drawn	6
dragon	6
doi	6
dogs	6
doe	6
docs	6
distress	6
discuss	6
disabled	6
diabetic	6
devote	6
despicable	6
dependent	6
deliciously	6
defeats	6
december	6
dads	6
cutesy	6
cube	6
crushits	6
crossed	6
criticism	6
credited	6
cracked	6
covered	6
counts	6
corrected	6
core	6
copyrighted	6
controlled	6
continual	6
contacting	6
construction	6
constraints	6
competitions	6
compares	6
commuting	6
college	6
collected	6
cognitive	6
cmon	6
clearer	6
chosen	6
chilling	6
cherry	6
cheese	6
cheerful	6
challening	6
challanges	6
center	6
cavities	6
category	6
cartoons	6
carousel	6
capable	6
buys	6
buti	6
burner	6
burned	6
bundle	6
buddies	6
bore	6
blatant	6
behavior	6
begs	6
beginners	6
beach	6
bb	6
battling	6
balancing	6
balanced	6
award	6
awake	6
awaiting	6
avoiding	6
avid	6
automatic	6
attitude	6
atleast	6
assuming	6
assumed	6
assists	6
appgame	6
answers	6
amuse	6
amp34freeamp34	6
alternatives	6
aka	6
agrees	6
agesi	6
affects	6
affecting	6
addictiveyou	6
addictivethe	6
addictingly	6
addictinglove	6
addictingit	6
addicitive	6
acts	6
acirc	6
acct	6
accounts	6
accepted	6
85	6
800	6
70s	6
56	6
530	6
4th	6
485	6
471	6
436	6
43	6
421	6
399	6
39	6
34life34	6
334	6
299	6
290	6
280	6
26	6
207	6
182	6
169	6
129	6
127	6
109	6
1020	6
101	6
zombie	5
yum	5
yt	5
writting	5
worthy	5
workers	5
wits	5
wishes	5
wile	5
wildly	5
whoo	5
wholesome	5
whiz	5
whim	5
whatsoever	5
wether	5
wen	5
warnings	5
war	5
wagon	5
wad	5
wack	5
venue	5
varies	5
vampire	5
vague	5
upping	5
upbeat	5
untill	5
unstuck	5
unroll	5
unplayable	5
unknown	5
understatement	5
understandable	5
uncle	5
unaware	5
unacceptable	5
turnoff	5
travels	5
travelling	5
toy	5
totes	5
tiring	5
timeyou	5
timenot	5
thy	5
thisgame	5
thereby	5
themed	5
testing	5
tested	5
technique	5
teasers	5
tax	5
tame	5
talent	5
tableti	5
synched	5
switches	5
swipes	5
swearing	5
surveys	5
surfers	5
supper	5
sums	5
summary	5
suit	5
suggesting	5
sufficient	5
sue	5
suckered	5
subject	5
studies	5
students	5
stroke	5
strive	5
stressors	5
strain	5
storm	5
sticky	5
sticking	5
stalled	5
ss	5
spurts	5
sprinkles	5
spider	5
speckled	5
sounded	5
solvable	5
slowing	5
sliding	5
skips	5
sisterinlaw	5
sink	5
simular	5
simpsons	5
simplistic	5
shower	5
shots	5
shift	5
sharper	5
shady	5
severely	5
serves	5
sequence	5
senses	5
seldom	5
seeking	5
seam	5
scroll	5
screaming	5
scratch	5
schemes	5
scary	5
savvy	5
sagalove	5
sagabut	5
route	5
ritual	5
rise	5
rhyme	5
resulting	5
resulted	5
resting	5
resort	5
resolve	5
resets	5
research	5
replacement	5
replace	5
relly	5
reliable	5
relationships	5
reinforcement	5
rehabilitation	5
regroup	5
refreshed	5
rediculous	5
rebuild	5
reads	5
rates	5
quotcrushquot	5
quits	5
quirky	5
quietly	5
qualities	5
purely	5
prone	5
progressive	5
programmers	5
producer	5
produce	5
processing	5
pricing	5
prevented	5
presented	5
powerful	5
possibility	5
policy	5
plugged	5
pls	5
playyou	5
playingthis	5
playingthe	5
playingits	5
playgreat	5
playbut	5
playability	5
planes	5
pitch	5
pie	5
pics	5
pic	5
phrases	5
phonei	5
percent	5
paycheck	5
passenger	5
partner	5
pairs	5
owner	5
owned	5
owe	5
outscore	5
outquot	5
outdated	5
oldest	5
ol	5
oil	5
offs	5
odis	5
ocd	5
observation	5
ny	5
nowit	5
notes	5
noises	5
nieces	5
neck	5
nap	5
mush	5
moves34	5
mouth	5
mountain	5
motivation	5
mornings	5
moneyi	5
monetary	5
moderation	5
mixes	5
minus	5
mid	5
mesmerized	5
merry	5
merely	5
meets	5
mediocre	5
mechanism	5
meaningless	5
matters	5
matched	5
mary	5
maneuver	5
maintain	5
magic	5
magazines	5
madre	5
lovethis	5
lottery	5
loser	5
looooove	5
loli	5
lobe	5
livesit	5
lifebut	5
library	5
levelyou	5
levelsim	5
levelits	5
levelbut	5
levals	5
legends	5
las	5
landed	5
lacking	5
kitchen	5
kiss	5
kinks	5
kindlebut	5
jobs	5
jesus	5
itto	5
itthey	5
itnow	5
itmy	5
itcant	5
isfun	5
ir	5
involving	5
invitations	5
intervals	5
interruption	5
interfere	5
ing	5
indulge	5
individuals	5
imposed	5
imitations	5
imitation	5
iaps	5
hurts	5
hooking	5
hookedi	5
honor	5
holy	5
ho	5
hesitate	5
herei	5
hed	5
hav	5
harsh	5
harassing	5
harass	5
handed	5
halloween	5
grrr	5
grocery	5
goodi	5
golden	5
goin	5
gods	5
global	5
glade	5
girly	5
ggg	5
gel	5
gamenow	5
gameif	5
gamegood	5
gamed	5
gamecandy	5
gameapp	5
gameall	5
gamea	5
game1	5
gaining	5
gadgets	5
funthanks	5
funnest	5
funaddictive	5
frustating	5
freebie	5
forgetting	5
fore	5
football	5
foolish	5
foe	5
flys	5
flicker	5
flawless	5
fist	5
fishes	5
firing	5
finaly	5
fillers	5
fifteen	5
feeds	5
feeding	5
fattening	5
familyi	5
facets	5
facebookso	5
facebooks	5
facebookbut	5
fab	5
explodes	5
explanatory	5
explaining	5
expert	5
experiencing	5
experiences	5
exiting	5
esp	5
eric	5
equals	5
enuff	5
enticing	5
enhancements	5
engages	5
encounter	5
emphasis	5
embarrassing	5
eliminated	5
eleven	5
east	5
eager	5
drinking	5
drama	5
dozens	5
dots	5
door	5
diversity	5
distractions	5
distance	5
dissatisfied	5
dissappointed	5
display	5
disgusting	5
disappoints	5
disappearing	5
difficultly	5
diet	5
devs	5
dev	5
describes	5
demanding	5
delightfully	5
delight	5
delayed	5
definition	5
definatly	5
deeper	5
deceptive	5
daddy	5
curiosity	5
cubes	5
crushthe	5
cruel	5
cow	5
court	5
countdown	5
cookies	5
considerable	5
congrats	5
confess	5
concepts	5
complained	5
competitiveness	5
comeon	5
colorado	5
collapse	5
coin	5
clothes	5
clarity	5
claims	5
claiming	5
church	5
chore	5
chingon	5
chasing	5
charms	5
charming	5
changeling	5
challengingand	5
challengeing	5
cats	5
cartoon	5
calorie	5
cabron	5
buyer	5
burst	5
burns	5
brief	5
breakfast	5
bravo	5
brake	5
bound	5
borrowing	5
born	5
bores	5
boots	5
bless	5
bills	5
billion	5
bff	5
bewareyou	5
beside	5
bending	5
ben	5
beloved	5
bejewel	5
begun	5
bearable	5
bate	5
bang	5
avery	5
ass	5
articles	5
arrangement	5
arms	5
argue	5
apt	5
applied	5
appeals	5
ante	5
animated	5
androids	5
amp34im	5
amp34candyamp34	5
amd	5
alzheimers	5
alley	5
al	5
airplane	5
agreed	5
aging	5
affordable	5
adventurous	5
addictiveso	5
addictiveit	5
addictions	5
addictingcant	5
addictied	5
addictedim	5
acquired	5
acorns	5
achievement	5
absorbed	5
absolutly	5
aboutnow	5
98	5
97	5
87	5
80s	5
74	5
53	5
46	5
417	5
3d	5
34what	5
34to	5
34stuck34	5
34purchase34	5
34jelly34	5
34jellies34	5
34help34	5
34get	5
34extras34	5
34delicious34	5
34addictive34	5
30mins	5
266	5
250	5
216	5
2012	5
170	5
134	5
133	5
123	5
117	5
103	5
1015	5
zoning	4
zip	4
zap	4
you34	4
yippee	4
yearold	4
yah	4
wrinkles	4
wrench	4
wrapper	4
worrying	4
wording	4
wonders	4
winnings	4
willy	4
willpower	4
wil	4
wick	4
wi	4
whack	4
wet	4
welli	4
weekends	4
wave	4
wast	4
wash	4
warningthis	4
warm	4
walls	4
walks	4
wakes	4
vision	4
viruses	4
vg	4
vet	4
vertically	4
usa	4
upquot	4
upit	4
upgrading	4
up34	4
unwanted	4
unpredictable	4
twisted	4
twentyfive	4
turkey	4
tube	4
truck	4
triple	4
tring	4
transition	4
traffic	4
trademarked	4
tracks	4
touchscreen	4
touching	4
torture	4
topic	4
toooo	4
toddlers	4
tires	4
tipsy	4
timevery	4
timesi	4
timequot	4
timely	4
timelove	4
timejust	4
ticks	4
tickled	4
thoughit	4
thou	4
theirs	4
thai	4
texas	4
tense	4
tendencies	4
teenager	4
tee	4
technical	4
teased	4
ta	4
synchronized	4
swim	4
suspense	4
suspect	4
supply	4
superior	4
sufficiently	4
sudoku	4
succumb	4
stylus	4
stumbled	4
structure	4
stressing	4
straw	4
storage	4
stopplaying	4
stimulate	4
steroids	4
stats	4
starving	4
stared	4
stalls	4
staff	4
spun	4
sport	4
sponge	4
spoils	4
specified	4
specialty	4
span	4
someway	4
someones	4
sold	4
socks	4
society	4
socalled	4
smoother	4
smith	4
slowed	4
slope	4
slice	4
slave	4
skilled	4
sizes	4
sinks	4
sinc	4
sickness	4
si	4
shutdown	4
shrink	4
shorten	4
shooting	4
shiny	4
shares	4
shameless	4
seventeen	4
services	4
serve	4
sensation	4
seller	4
selected	4
seams	4
scared	4
satisfies	4
sample	4
royal	4
routines	4
rolled	4
rob	4
roadblock	4
reviewer	4
reviewed	4
returned	4
retrying	4
retries	4
restricted	4
restful	4
responsibly	4
resistance	4
reshuffle	4
repair	4
reluctantly	4
relaxi	4
relative	4
rejuvenate	4
reimburse	4
regrets	4
regenerated	4
regards	4
refunded	4
reflect	4
reel	4
redundant	4
reducer	4
redownload	4
recovery	4
recovering	4
record	4
recommends	4
realm	4
ranks	4
raised	4
racked	4
quotthe	4
quotpowerupsquot	4
quotlifequot	4
quothelpsquot	4
quothelp	4
quotget	4
quotfree	4
puzzler	4
purse	4
punishment	4
punish	4
proves	4
pros	4
progressed	4
programs	4
privilege	4
privacy	4
priority	4
principle	4
pride	4
prefect	4
pounds	4
potentially	4
pose	4
popups	4
popup	4
poorly	4
pointing	4
pocketbook	4
plying	4
ply	4
playmy	4
playjust	4
playingit	4
playinghate	4
playa	4
placed	4
pinball	4
pill	4
phrase	4
phoneand	4
pets	4
persist	4
permitted	4
perk	4
perfection	4
perch	4
paywall	4
payingi	4
pausing	4
pasttime	4
passtime	4
park	4
pants	4
pandora	4
pals	4
painful	4
pacman	4
ow	4
outta	4
outlet	4
outi	4
onward	4
onso	4
onely	4
offi	4
oddly	4
october	4
occurs	4
occurred	4
occupier	4
occassionally	4
obtaining	4
nuff	4
nowim	4
nowi	4
novel	4
notch	4
nonexistent	4
noe	4
nit	4
nickle	4
nickeled	4
nexus	4
newly	4
nemesis	4
neice	4
negatives	4
nak	4
nagging	4
nabi	4
muy	4
musthave	4
mucho	4
movesquot	4
mountains	4
moonstruck	4
monotony	4
monkey	4
mixture	4
miracle	4
miles	4
mild	4
mi	4
meth	4
meter	4
messing	4
mercy	4
memories	4
melol	4
mega	4
meantime	4
marketplace	4
maps	4
manages	4
management	4
mall	4
male	4
majorly	4
mahjong	4
magically	4
magical	4
lured	4
lovelovelove	4
lotof	4
loo	4
logically	4
location	4
livesthe	4
livesthat	4
livesbut	4
lists	4
lining	4
ling	4
lies	4
lied	4
levelthen	4
levelssome	4
levelsit	4
levelsand	4
levels34	4
levelfun	4
leveled	4
leveland	4
leval	4
lengths	4
led	4
layovers	4
laying	4
layer	4
lawyers	4
language	4
lacks	4
label	4
knocked	4
kno	4
kn	4
kindlethe	4
kindlethank	4
kindal	4
kicking	4
kendall	4
kalevala	4
justin	4
justify	4
june	4
judge	4
js	4
john	4
itsome	4
itsa	4
itquots	4
itis	4
itbest	4
island	4
isi	4
irritation	4
irritate	4
irresistible	4
invigorating	4
investing	4
intuitive	4
intro	4
interactions	4
intent	4
intellect	4
insult	4
instructed	4
instances	4
installs	4
insist	4
insert	4
innovative	4
innovation	4
innocent	4
ingenious	4
inform	4
inexpensive	4
inevitable	4
indie	4
independently	4
inconvenience	4
inconsistent	4
impassable	4
impact	4
imagined	4
imaginative	4
imagination	4
ilk	4
ilike	4
idk	4
idiot	4
identify	4
icing	4
ia	4
hurray	4
humming	4
hugh	4
hugely	4
hottest	4
horse	4
hopeful	4
hop	4
hoop	4
hmmm	4
hilarious	4
hiccups	4
herself	4
hers	4
herd	4
heavily	4
heading	4
headaches	4
hardearned	4
happiness	4
hanging	4
handheld	4
handful	4
halo	4
gummy	4
guilt	4
guides	4
guidelines	4
grubbing	4
grownups	4
ground	4
gratifying	4
grat	4
grafics	4
grades	4
grade	4
grabbing	4
grabbed	4
goofy	4
glance	4
ghost	4
generations	4
gated	4
gaps	4
gameto	4
gamethen	4
gamethanks	4
gamesometimes	4
gamesnot	4
gameone	4
gameonce	4
gamemaybe	4
gameim	4
gamehighly	4
gameget	4
gameawesome	4
gamealways	4
gamealthough	4
gamealso	4
gameaddictive	4
funtry	4
funthe	4
funtastic	4
funrelaxing	4
funplay	4
funonly	4
funlove	4
funkeeps	4
funfilled	4
funcant	4
funa	4
friggin	4
friendsquot	4
freei	4
freckle	4
fr	4
fought	4
forums	4
forty	4
forgotten	4
forewarned	4
focusing	4
flowing	4
fixing	4
firethank	4
fireit	4
fired	4
finnaly	4
finishes	4
finialy	4
financial	4
finale	4
fi	4
female	4
feelings	4
favs	4
favorote	4
fare	4
famous	4
faced	4
extraordinary	4
extortion	4
explosion	4
expects	4
existing	4
excelente	4
exceed	4
ex	4
errors	4
entirety	4
enthusiasm	4
entering	4
ensure	4
enlist	4
endure	4
elementary	4
eighteen	4
egg	4
efforts	4
effective	4
editions	4
easter	4
earns	4
duty	4
duties	4
dumbest	4
driver	4
drink	4
dread	4
drawbacks	4
drags	4
downvery	4
downer	4
dow	4
dough	4
doubts	4
donot	4
doin	4
doc	4
divorced	4
dissapointed	4
disruptive	4
discourage	4
disconnect	4
disciplined	4
dirty	4
ding	4
diner	4
diagonally	4
dexterity	4
destination	4
designs	4
depth	4
demanded	4
degrees	4
deciding	4
dear	4
dc	4
dayand	4
dat	4
dangerously	4
dam	4
currency	4
cures	4
cult	4
crushthis	4
crushs	4
crushnow	4
crushmy	4
crushbut	4
crushaholic	4
crunchy	4
crunching	4
criteria	4
crisp	4
cradle	4
counter	4
cordination	4
coordinate	4
coolest	4
cook	4
contains	4
contagious	4
console	4
consequences	4
confusion	4
condition	4
conclusion	4
concentrating	4
companys	4
communication	4
commonly	4
colorfull	4
coerce	4
codes	4
cocaine	4
coated	4
cnn	4
club	4
clown	4
closest	4
climbing	4
clients	4
clarification	4
claimed	4
citizens	4
cigarette	4
chronic	4
christian	4
chip	4
cheer	4
challenginga	4
chalenging	4
chains	4
centers	4
cement	4
celebrate	4
casinos	4
cases	4
carp	4
cared	4
camera	4
calculated	4
calculate	4
cab	4
busters	4
bursting	4
bullying	4
bully	4
builder	4
bugged	4
bueno	4
bu	4
bridges	4
breathing	4
breath	4
breaker	4
brand	4
brag	4
boyfriends	4
bowl	4
bow	4
boringi	4
bordem	4
bord	4
bond	4
bombarded	4
blown	4
bloody	4
blatantly	4
bjjjhhhj	4
bitter	4
bites	4
billions	4
bieber	4
bf	4
bewareits	4
bewareit	4
belong	4
becareful	4
beatable	4
bear	4
bean	4
bcuz	4
basicly	4
barriers	4
band	4
backup	4
awfully	4
awesomeyou	4
awesomest	4
awesomeso	4
awarded	4
awaited	4
await	4
ave	4
attain	4
april	4
appts	4
approximately	4
anyhow	4
anticipate	4
aneroid	4
amp34sagaamp34	4
amp34livesamp34	4
altho	4
aloud	4
alittle	4
align	4
agreat	4
agitated	4
advertisement	4
adobe	4
adicted	4
adfree	4
addictiveonce	4
addictivejust	4
addictiveits	4
addictingthe	4
addictinggreat	4
addictingand	4
acquire	4
acquaintances	4
according	4
accidently	4
accepting	4
absorbing	4
abouti	4
aa	4
96	4
82	4
78	4
66	4
61	4
54	4
501	4
49	4
47	4
461	4
455	4
3am	4
38	4
377	4
356	4
34why	4
34quests34	4
34pay	4
34on	4
34no	4
34helpers34	4
34down34	4
34clear	4
34buy	4
30minutes	4
305	4
24hours	4
230	4
22	4
215	4
20s	4
2030	4
202	4
187	4
139	4
136	4
122	4
116	4
107	4
yu	3
youso	3
yourselves	3
youdont	3
york	3
yikes	3
yellow	3
xmas	3
x10	3
www	3
wud	3
wth	3
wreck	3
wrap	3
wracking	3
wood	3
wold	3
woke	3
wire	3
wine	3
whoop	3
whomever	3
whoa	3
whine	3
whet	3
whereas	3
wham	3
wellim	3
weh	3
ween	3
weekly	3
weapons	3
weakness	3
weak	3
wboko	3
wayside	3
wayquot	3
wat	3
warningit	3
ward	3
wallets	3
wa	3
vow	3
vortex	3
void	3
viva	3
vast	3
varieties	3
variance	3
vanish	3
vacuum	3
urging	3
upto	3
uploaded	3
unwilling	3
unrelated	3
unreal	3
unnecessarily	3
unlikely	3
unfortunate	3
uncut	3
umm	3
ultra	3
ui	3
typed	3
twisting	3
twin	3
twilight	3
twentyfour	3
turner	3
tunnel	3
tryed	3
tryand	3
trials	3
trek	3
traps	3
trail	3
trademarking	3
tp	3
toys	3
touted	3
tornados	3
tooeveryone	3
toget	3
todays	3
tipping	3
timeso	3
timenow	3
timeno	3
timelives	3
timeless	3
timee	3
timedont	3
timeconsuming	3
timecan	3
time34	3
tick	3
thursday	3
thrum	3
threatened	3
thoughits	3
thoughi	3
thirteen	3
thinkingi	3
thieves	3
thid	3
therefor	3
theraputic	3
themi	3
themand	3
thegame	3
thee	3
thd	3
thatit	3
thanksgiving	3
texting	3
temper	3
teenagers	3
teenage	3
technologically	3
technically	3
tears	3
tear	3
teal	3
tally	3
talkin	3
takin	3
tag	3
synapses	3
swell	3
surrender	3
surface	3
supported	3
sundays	3
suffers	3
styles	3
stutters	3
stuffi	3
strips	3
string	3
stretch	3
strangers	3
straightforward	3
store34	3
stopits	3
stoped	3
stocks	3
stimulator	3
stepped	3
stealer	3
stations	3
stating	3
statement	3
stands	3
stacked	3
stack	3
stable	3
sso	3
sr	3
squinting	3
squint	3
squeeze	3
sporadically	3
spoil	3
split	3
spell	3
specifically	3
specially	3
spatial	3
spamming	3
spammed	3
sorta	3
sorely	3
soooooooooooooooo	3
sooooooooooo	3
soninlaw	3
someplace	3
somedays	3
soget	3
sober	3
snd	3
snack	3
sn	3
smoothness	3
smashing	3
sluggish	3
slips	3
slippery	3
slack	3
skipped	3
skin	3
skeet	3
sixth	3
sits	3
sinker	3
sincere	3
sims	3
simpler	3
similiar	3
sill	3
silently	3
silent	3
significant	3
shudder	3
shouldve	3
shortly	3
shortened	3
shortcuts	3
shock	3
shelby	3
sheets	3
sheesh	3
shaped	3
shameful	3
shaking	3
severe	3
seventy	3
served	3
sequences	3
seperate	3
sentence	3
senseless	3
segments	3
sees	3
seeming	3
seductively	3
season	3
screwing	3
scrappy	3
scoffed	3
saver	3
saturday	3
salon	3
saidi	3
sagaits	3
sagait	3
saga34	3
sack	3
rumors	3
rude	3
rub	3
rotten	3
roommate	3
rolling	3
roller	3
rigging	3
rig	3
revive	3
retirement	3
retarded	3
restrict	3
restaurants	3
restarting	3
responsive	3
responds	3
responding	3
responded	3
resources	3
reshuffles	3
represents	3
reports	3
replayed	3
renewal	3
reminiscent	3
reminders	3
reminder	3
reminded	3
relying	3
reloading	3
relies	3
reliant	3
reliance	3
releaver	3
relaxer	3
relate	3
reiss	3
regulated	3
regulate	3
registered	3
regenerating	3
reg	3
refusing	3
refreshes	3
refocus	3
referred	3
reference	3
redeeming	3
redeem	3
recuperating	3
recommed	3
recieved	3
realistic	3
realise	3
readily	3
reacting	3
rapidly	3
ranting	3
rant	3
rally	3
raking	3
rainbows	3
radio	3
rad	3
racket	3
quotworldquot	3
quotrealquot	3
quotquestsquot	3
quotpuzzlequot	3
quotone	3
quotmatch	3
quotkingquot	3
quotim	3
quote	3
quotconnect	3
quotboostersquot	3
quotaddictivequot	3
quirks	3
quicklyi	3
que	3
puzzletype	3
puzzlers	3
puzzels	3
pursue	3
puppy	3
pun	3
psychology	3
protect	3
promotion	3
promotes	3
professional	3
productdo	3
procrastinate	3
processes	3
problemsolving	3
probable	3
private	3
prison	3
principal	3
preserve	3
pregnancy	3
predetermined	3
pour	3
poopoo	3
poo	3
pong	3
pointers	3
pointed	3
plunge	3
pleaser	3
playsome	3
playso	3
playquot	3
playkeeps	3
playits	3
playingyou	3
playingvery	3
playingnow	3
playingim	3
playingand	3
playim	3
playedi	3
play34	3
placement	3
piss	3
phonelove	3
phoneit	3
phenomenon	3
pesters	3
pesky	3
permits	3
periodic	3
performs	3
pennies	3
peasandcarrots	3
passion	3
paramore	3
parallel	3
panic	3
pair	3
paint	3
painfully	3
pac	3
owns	3
owli	3
overtime	3
overnight	3
overdue	3
outwit	3
outrageously	3
outdo	3
ought	3
otus	3
opted	3
operate	3
oohh	3
onthe	3
omfg	3
ohio	3
offerings	3
oct	3
obsessively	3
observant	3
numb	3
nowlol	3
november	3
notebook	3
nostalgic	3
nose	3
norm	3
noodle	3
nonviolent	3
nomm	3
nokia	3
noisy	3
nobodys	3
ninety	3
nineteen	3
nimble	3
nicest	3
newby	3
newbies	3
nest	3
nervous	3
nerds	3
neglecting	3
neglected	3
necessity	3
nash	3
nail	3
na	3
myriad	3
multiplying	3
multicolored	3
ms	3
movies	3
movesi	3
motivate	3
motions	3
mothers	3
mote	3
mot	3
mos	3
moore	3
monthsi	3
monthly	3
monsters	3
monkeys	3
moneys	3
mm	3
mistakenly	3
misery	3
miserably	3
minutesi	3
minion	3
mindset	3
mike	3
migraine	3
mighty	3
mich	3
mg	3
methods	3
meso	3
melting	3
meit	3
meds	3
medium	3
med	3
mebut	3
maze	3
maximize	3
maxed	3
mature	3
massive	3
masses	3
manufacturer	3
mandatory	3
maddeningly	3
macbook	3
ma	3
lures	3
luke	3
lug	3
looses	3
loooove	3
loooooooove	3
lonely	3
lolgood	3
local	3
livesyou	3
livesthen	3
livesso	3
livesor	3
livesall	3
lik	3
life34	3
licked	3
license	3
levelsits	3
levelsfun	3
levelgood	3
letters	3
lent	3
lend	3
leisurely	3
legs	3
leedle	3
leavel	3
leary	3
learner	3
leading	3
lbs	3
layers	3
laughed	3
latter	3
lasting	3
lane	3
landscape	3
landing	3
laggy	3
knockoff	3
kingcoms	3
kindlewhat	3
kindlethis	3
kindleeveryone	3
kindled	3
kindlecan	3
kfire	3
kewl	3
keel	3
katie	3
jumps	3
juego	3
jr	3
joking	3
jigsaw	3
jerks	3
jeopardy	3
jellies34	3
january	3
itwish	3
itwhen	3
itwas	3
itu	3
itthanks	3
itquot	3
iton	3
itnothing	3
itlol	3
ithowever	3
ithave	3
itgreat	3
itfun	3
itfor	3
iteth	3
itcandy	3
itcan	3
itamp34	3
italso	3
itafter	3
ita	3
isthe	3
israel	3
ish	3
iquotve	3
iphonei	3
inventive	3
intoxicating	3
intertained	3
interfaces	3
interests	3
inter	3
intensity	3
intelligence	3
intellectual	3
integration	3
insurance	3
insisted	3
insanity	3
ingenuity	3
informed	3
indulgence	3
inducing	3
indicator	3
indicates	3
incorporated	3
incomplete	3
incessant	3
inability	3
impossibly	3
impose	3
imho	3
image	3
illness	3
idiots	3
idiotic	3
hypnotic	3
hyped	3
hut	3
hustle	3
hurting	3
hunt	3
hubbub	3
hub	3
htc	3
hounded	3
hound	3
horizontally	3
hookedso	3
hookedjust	3
homeless	3
holidays	3
hog	3
hipe	3
hinder	3
hightly	3
highlighted	3
hiding	3
hesitated	3
heroin	3
hen	3
helpthe	3
helpi	3
hehe	3
heavens	3
heating	3
hazelnuts	3
havnt	3
hassles	3
hardi	3
hardcore	3
hardbut	3
harassment	3
happiest	3
hangs	3
hall	3
hacked	3
hack	3
habits	3
guns	3
guidance	3
guessed	3
gud	3
gripes	3
grip	3
grey	3
grasp	3
graphically	3
grant	3
granny	3
grandpa	3
grandmothers	3
granddaugter	3
grandbabies	3
graded	3
grace	3
government	3
gorgeous	3
googled	3
goodso	3
goods	3
goi	3
gmail	3
glossary	3
glitching	3
glass	3
giveaways	3
git	3
girlfriends	3
gigantic	3
gettting	3
getaway	3
geez	3
gear	3
ge	3
gather	3
gas	3
gap	3
gamewill	3
gamewhen	3
gamewell	3
gametry	3
gamethere	3
gamethat	3
gamesmy	3
gameno	3
gamelol	3
gamel	3
gamehope	3
gamehave	3
gameeasy	3
gamedont	3
gamechallenging	3
gameat	3
gameas	3
gameaddicting	3
gam	3
gained	3
funwhen	3
funthis	3
funn	3
funlots	3
funeven	3
funest	3
functionality	3
functional	3
funchallenging	3
funcan	3
funall	3
fullest	3
fulfill	3
ft	3
frustratingbut	3
friendsand	3
friday	3
frenzy	3
freetoplay	3
freeif	3
freebut	3
freak	3
fox	3
foul	3
formatted	3
forking	3
fooling	3
flustered	3
flew	3
flashy	3
flashes	3
flag	3
fishdom	3
firstbut	3
firelove	3
fireand	3
finite	3
fin	3
fights	3
fbi	3
faves	3
fascination	3
farms	3
faq	3
faotd	3
familys	3
fam	3
faithful	3
faint	3
fade	3
facility	3
facebookif	3
facebooki	3
facebookand	3
eyeballs	3
extort	3
extending	3
exploring	3
exploitative	3
expire	3
expanding	3
expand	3
existence	3
exhaust	3
executed	3
exceptionally	3
examples	3
exaggerating	3
evolving	3
evident	3
everythings	3
everyonei	3
every1	3
everthing	3
everthe	3
everits	3
everit	3
eva	3
eternity	3
etci	3
essential	3
erase	3
environment	3
enuf	3
enthusiastic	3
entertainingi	3
entertaing	3
enoughso	3
enhanced	3
english	3
energizing	3
enemy	3
enabled	3
emotional	3
elvis	3
elliptical	3
eliminating	3
electric	3
elaborate	3
el	3
ebooks	3
easyit	3
easyi	3
ears	3
eachother	3
dunno	3
dumped	3
duffy	3
dreamed	3
drawing	3
dragged	3
downloader	3
dope	3
doomed	3
dome	3
dogged	3
dobut	3
dl	3
divided	3
ditch	3
disturbing	3
distribution	3
distracts	3
distant	3
dishonest	3
dish	3
discovering	3
disclosure	3
disability	3
directing	3
dint	3
digging	3
digger	3
dig	3
diffuse	3
diabetes	3
devoted	3
devises	3
devious	3
detriment	3
detest	3
deter	3
destruction	3
destroy	3
destresser	3
desperately	3
designated	3
deplete	3
dell	3
delivery	3
delivered	3
definitly	3
defense	3
defeating	3
decline	3
decisions	3
dec	3
dearly	3
dealer	3
db	3
daythe	3
daylots	3
daughterinlaw	3
darned	3
dancing	3
cx	3
cutest	3
cuteness	3
cursh	3
curses	3
cure	3
crystal	3
crust	3
crushso	3
crushlove	3
crushit	3
crushim	3
crushif	3
crushfun	3
cruise	3
crowded	3
crowd	3
crossword	3
crossing	3
crop	3
cream	3
crackquot	3
covers	3
cover	3
counted	3
couldve	3
corporate	3
corners	3
copying	3
controlling	3
continuei	3
consumers	3
consulting	3
cons	3
confined	3
confidence	3
component	3
competitors	3
compensation	3
comp	3
commuter	3
community	3
communicate	3
commitment	3
comming	3
commented	3
comin	3
comfort	3
combines	3
colour	3
colorfully	3
code	3
clones	3
clocks	3
climb	3
cleverly	3
classes	3
clam	3
chunks	3
choppy	3
chm	3
childrens	3
cheering	3
cheapskate	3
chapters	3
chaos	3
challengingsometimes	3
challengingit	3
challengingcant	3
challengingbut	3
challengethe	3
challenger	3
challanged	3
cf	3
century	3
cellphones	3
cca	3
cavity	3
cave	3
cars	3
carefully	3
capitalism	3
capacity	3
capabilities	3
cannt	3
cane	3
candle	3
cand	3
cancelled	3
cache	3
bypassed	3
butthe	3
butit	3
bursts	3
buried	3
bums	3
bum	3
bull	3
builtin	3
buffs	3
brush	3
brothers	3
broccoli	3
brilliantly	3
brightly	3
brian	3
boycott	3
boxes	3
boundaries	3
blogs	3
blessing	3
blend	3
blahh	3
biting	3
bite	3
billed	3
biggie	3
bid	3
bible	3
biased	3
bewarewhen	3
berry	3
bell	3
believer	3
belief	3
begining	3
begged	3
bedazzled	3
becuz	3
battlefield	3
bath	3
basics	3
bargain	3
banned	3
badi	3
backwards	3
awesomelove	3
awesomegame	3
awe	3
awayi	3
awaits	3
avalible	3
availableon	3
availablenow	3
automated	3
autistic	3
author	3
aunts	3
attract	3
attainable	3
attack	3
atmosphere	3
artists	3
artificial	3
arthritis	3
arthritic	3
arrow	3
arrival	3
aps	3
approach	3
apprehensive	3
anythingthe	3
anticipating	3
anoying	3
announced	3
angle	3
andit	3
andi	3
amt	3
amp34tastyamp34	3
americans	3
amazonthis	3
amazoni	3
alsothis	3
allure	3
allowance	3
allot	3
aldo	3
albeit	3
alarm	3
ala	3
ahhh	3
aggressively	3
aggressive	3
aggregating	3
aggravation	3
aggravates	3
aggravate	3
agesif	3
againlol	3
againand	3
affected	3
advising	3
advancei	3
adjusting	3
adjust	3
adjacent	3
adept	3
additing	3
addictivethank	3
addictivequot	3
addictivemy	3
addictivehowever	3
addictived	3
addictingvery	3
addictingthis	3
addictingso	3
addictingfun	3
addictedlove	3
addictedlol	3
activate	3
ache	3
accomplishments	3
accomplishing	3
abuse	3
absorb	3
abandoned	3
abandon	3
99s	3
99c	3
94	3
8th	3
88	3
79	3
734	3
603	3
5lives	3
599	3
59	3
510	3
4stars	3
492	3
460	3
453	3
447	3
446	3
444	3
443	3
441	3
438	3
437	3
428	3
3stars	3
3s	3
3days	3
370	3
368	3
34ticket34	3
34specials34	3
34out	3
34more	3
34level34	3
34jewels34	3
34it	3
34how	3
34hate34	3
34gamer34	3
34game	3
34fun34	3
34for	3
34dont	3
34addicting34	3
320	3
3000	3
277	3
274	3
265	3
210	3
203	3
2010	3
1star	3
189	3
180	3
178	3
174	3
168	3
163	3
160	3
135	3
132	3
131	3
1221	3
119	3
1010	3
100000	3
zynga	2
zones	2
zillion	2
zelda	2
z3	2
z	2
yuri	2
yoyr	2
yoyo	2
youyou	2
youneed	2
youit	2
youhave	2
yougreat	2
youget	2
youcan	2
youamp34	2
you1	2
yippy	2
yeti	2
yesss	2
yeats	2
yearsi	2
yawn	2
wtg	2
ws	2
wrecking	2
wrecked	2
wp8	2
wound	2
woul	2
woukd	2
worldyou	2
worldwide	2
worldm	2
worldi	2
world34	2
workeasy	2
wore	2
wmore	2
wisdom	2
wiping	2
wipes	2
wipe	2
winwin	2
winters	2
winquot	2
winners	2
winnable	2
wink	2
winit	2
wining	2
willed	2
wiifi	2
wifey	2
widow	2
wich	2
whys	2
whould	2
whores	2
wholefamily	2
whizzing	2
whit	2
whirlybirds	2
whipped	2
whined	2
whilethis	2
whiled	2
whew	2
wheeli	2
whatnot	2
wfb	2
wellhave	2
welcomed	2
weel	2
weeksi	2
weeksbut	2
weed	2
wednesday	2
wed	2
websites	2
webpage	2
wearing	2
weaning	2
wayyy	2
wayto	2
wayit	2
waygreat	2
wats	2
wating	2
watered	2
wasi	2
washed	2
warningdo	2
wards	2
wannabes	2
wandering	2
wan	2
walmart	2
walkthrough	2
waitin	2
waite	2
waister	2
wacky	2
waaaaay	2
voted	2
vote	2
voila	2
voices	2
visitor	2
vise	2
visa	2
viewing	2
vie	2
victim	2
vicious	2
vibe	2
veryv	2
vert	2
versioni	2
versatile	2
verrryyy	2
verizon	2
vendor	2
vehicle	2
vegging	2
vegetable	2
vcard	2
variant	2
variables	2
van	2
valid	2
vaccine	2
va	2
utterly	2
utilizes	2
ususally	2
usethe	2
userfriendly	2
useable	2
upwards	2
upsi	2
ups34	2
upotherwise	2
uploads	2
updatedthis	2
upcoming	2
upbut	2
unusually	2
unto	2
unsupervised	2
unsuccessful	2
unsolvable	2
unseen	2
unreasonable	2
unproductive	2
unoriginal	2
unload	2
university	2
unitl	2
unit	2
unistall	2
uninterrupted	2
uninsulated	2
uninformed	2
unfairly	2
uneven	2
unethical	2
unending	2
undertaker	2
underhanded	2
uncomplicated	2
unchallenging	2
unattainable	2
una	2
ummm	2
ull	2
ul	2
ukhdt	2
twisti	2
twins	2
twerking	2
twentyeight	2
twelvestep	2
tweaked	2
tvi	2
tunes	2
tuned	2
tun	2
tub	2
tryyou	2
tryingto	2
tryingquot	2
tryi	2
trusting	2
trudging	2
troubling	2
tron	2
trolling	2
trojan	2
troble	2
trivia	2
triumph	2
triesi	2
trickyits	2
tricked	2
transportation	2
transaction	2
trainer	2
trained	2
trails	2
traction	2
tracking	2
tracked	2
tovery	2
tournaments	2
tour	2
tounwind	2
touches	2
touched	2
totaly	2
tossed	2
tornadoes	2
tornado	2
topurchase	2
topped	2
toovery	2
tooooo	2
toolol	2
tooit	2
tonext	2
tom	2
tolerable	2
token	2
tofacebook	2
toe	2
tobe	2
toalmost	2
to34	2
tl	2
tin	2
timewhen	2
timethis	2
timethere	2
timethe	2
timethanks	2
timethank	2
timesome	2
timeri	2
timemy	2
timein	2
timeid	2
timegood	2
timegame	2
timefiller	2
timeeven	2
timecant	2
timecandy	2
timebetter	2
timealso	2
tile	2
tic	2
thunderbird	2
thumb	2
thu	2
thts	2
ths	2
throughbut	2
throat	2
thriving	2
thrills	2
threshold	2
threes	2
threats	2
thr	2
thouh	2
thoughyou	2
thoughtless	2
thoughtful	2
thoughotherwise	2
thoughlol	2
thoughbut	2
thoughand	2
thiugh	2
thiss	2
thisquot	2
thisll	2
thisis	2
thisbut	2
thirsty	2
thinkit	2
thinkingand	2
thinki	2
thinkers	2
thingy	2
thingsthe	2
thia	2
thew	2
thetime	2
theses	2
therei	2
ther	2
theoretically	2
themthis	2
themthey	2
themthe	2
themfor	2
them1	2
thelevels	2
theacute	2
thaz	2
thatquots	2
thatll	2
thatis	2
thatbut	2
thatamp34	2
thanksi	2
thanking	2
tha	2
tge	2
terrifically	2
teneven	2
tendancy	2
tempts	2
temptations	2
temporary	2
techniques	2
tearing	2
te	2
tbe	2
tat	2
talented	2
tailored	2
tact	2
taco	2
tabletphone	2
t9	2
synchs	2
synching	2
sydney	2
swipe34	2
swings	2
swing	2
swimming	2
swept	2
sweeping	2
sweat	2
swag	2
suspended	2
survived	2
survive	2
surround	2
surpass	2
suprises	2
supports	2
supplies	2
supervising	2
supermarket	2
superaddictive	2
sung	2
sunday	2
summarize	2
suicide	2
suggests	2
sugared	2
suffering	2
suffered	2
sues	2
succeeding	2
succeeded	2
subscription	2
subscribe	2
subliminal	2
stymied	2
styled	2
stupidly	2
stupidity	2
stupidest	2
stumps	2
studio	2
student	2
stuck34	2
stubbs	2
struggled	2
structured	2
strip	2
strikingly	2
strife	2
strictly	2
strict	2
stretching	2
stressfull	2
stressbuster	2
strengthen	2
streak	2
strategist	2
strategici	2
stratagy	2
stratagize	2
strangle	2
strait	2
straining	2
straighten	2
stradegy	2
storei	2
stored	2
stopthis	2
stopthe	2
stopquot	2
stopit	2
stoopid	2
stoo	2
stone	2
stipes	2
stiped	2
stints	2
stinking	2
stimulus	2
sticks	2
stellar	2
steer	2
steels	2
steel	2
steady	2
steadily	2
statistics	2
statistically	2
stat	2
startyou	2
startit	2
starsthe	2
starsnot	2
stares	2
stare	2
stalling	2
stale	2
stake	2
squeal	2
spring	2
spreads	2
spreading	2
sporting	2
sponsor	2
sponges	2
spongebob	2
spoken	2
spittle	2
spit	2
spender	2
speeds	2
speechless	2
sped	2
spectrum	2
speaking	2
spans	2
sources	2
soundtrack	2
sounding	2
sophisticated	2
sooooooooooooo	2
sonic	2
songs	2
somtimes	2
somthing	2
somethingamp34	2
someonesomething	2
somemore	2
solicit	2
sole	2
soi	2
soccer	2
snuggle	2
snuff	2
snuck	2
snooze	2
sneaking	2
snare	2
snapchat	2
snap	2
snake	2
smell	2
smarts	2
slowbut	2
slmost	2
slipping	2
sliced	2
slept	2
slap	2
slam	2
skipping	2
skinny	2
skillful	2
skid	2
sk	2
sixties	2
sixteen	2
sissy	2
singing	2
simulates	2
silk	2
signs	2
sideloaded	2
sideload	2
siblings	2
shuffles	2
shrug	2
shout	2
shoulder	2
shoud	2
shorted	2
shore	2
shocking	2
shirt	2
shipping	2
shifts	2
shelves	2
shelling	2
shelf	2
sharpens	2
sharpening	2
shake	2
sexual	2
sewing	2
settles	2
server	2
sertain	2
seriousness	2
separately	2
sence	2
semi	2
sells	2
selfish	2
selection	2
seizures	2
sega	2
seei	2
seed	2
seductive	2
sed	2
security	2
sec	2
seating	2
seasonal	2
sea	2
scum	2
screamed	2
scratching	2
scrambling	2
scramble	2
scorer	2
scorei	2
schedules	2
scammy	2
scammed	2
sc	2
sayits	2
savy	2
savings	2
satisfactory	2
sap	2
samo	2
sameold	2
salt	2
saints	2
saint	2
sailors	2
sailing	2
sagawhen	2
sagaim	2
sag	2
safety	2
safely	2
saddening	2
s5	2
rushing	2
rushi	2
rushed	2
ruse	2
runner	2
rt	2
rowget	2
routinely	2
roulette	2
rotate	2
ropes	2
rope	2
root	2
robs	2
robbery	2
rlly	2
rl	2
rivals	2
rivalry	2
rite	2
rips	2
rings	2
riley	2
rightquot	2
ridiculousness	2
riders	2
rickety	2
richer	2
rewrite	2
rewind	2
reviewing	2
reveiw	2
revealed	2
reup	2
returns	2
retro	2
retried	2
rethink	2
resync	2
resurrected	2
resultwhich	2
restrictive	2
restrain	2
restless	2
restaurant	2
responsibility	2
responses	2
resin	2
resetting	2
reserve	2
reservations	2
resemblance	2
rereview	2
repurchase	2
representatives	2
reported	2
replied	2
replenishes	2
repetative	2
repeats	2
rep	2
rent	2
renewable	2
remote	2
remembering	2
remained	2
relocated	2
reloads	2
relive	2
religiously	2
relieved	2
reliably	2
relevant	2
relevance	2
relentlessly	2
relentless	2
relented	2
relaxinggreat	2
reilly	2
rehash	2
rehabilitate	2
registers	2
regimens	2
reduction	2
reducing	2
reduced	2
reduce	2
redownloading	2
redownloaded	2
redirect	2
recruit	2
recreational	2
recreated	2
recorded	2
recommened	2
recommeded	2
recommand	2
recomended	2
recognizing	2
recognizes	2
recliner	2
reciving	2
reciprocate	2
recharging	2
recharges	2
recharged	2
receives	2
receiver	2
recd	2
reccomended	2
recall	2
rec	2
reboots	2
rebooting	2
reassures	2
reasonablealthough	2
rearrange	2
rear	2
realty	2
reallly	2
reallllly	2
realised	2
react	2
reaccumulate	2
rd	2
razor	2
ration	2
rarity	2
rapped	2
rapid	2
ransom	2
ranking	2
rainbow	2
quotyour	2
quotyou	2
quotwhats	2
quottwo	2
quottry	2
quottooth	2
quotticketsquot	2
quotthat	2
quotstuckquot	2
quotspecialquot	2
quotpowersquot	2
quotpay	2
quotowlquot	2
quotonce	2
quotoh	2
quotjackpotquot	2
quotin	2
quothypequot	2
quotgiftquot	2
quotgamerquot	2
quotfullquot	2
quotfor	2
quotextrasquot	2
quotearnquot	2
quotcrushingquot	2
quotcrackquot	2
quotclear	2
quotbubble	2
quotboostsquot	2
quotadventurequot	2
quitter	2
queue	2
quest34	2
queer	2
queen	2
quantity	2
qualm	2
qualify	2
pyramid	2
pvz	2
puzzlegame	2
puzzled	2
puter	2
purchasesquot	2
purchasei	2
purchase34	2
punished	2
punching	2
pumpkin	2
pumping	2
pumped	2
pudding	2
published	2
publicly	2
ps3	2
proving	2
proved	2
protection	2
promptly	2
prompting	2
promote	2
promo	2
prolly	2
projects	2
prohibits	2
prohibitive	2
progressupdate	2
programmer	2
programers	2
progess	2
profits	2
profiles	2
proficient	2
productively	2
producing	2
producers	2
procure	2
procrastination	2
proceeding	2
procede	2
problemi	2
probem	2
printed	2
print	2
pringles	2
primary	2
prides	2
prey	2
preview	2
prevail	2
prettier	2
pretending	2
presumably	2
pressing	2
president	2
presently	2
preschooler	2
preoccupied	2
preferred	2
preference	2
predictable	2
predict	2
predicament	2
pre	2
pr	2
powder	2
pow	2
pout	2
pound	2
posy	2
possibilities	2
possessing	2
posses	2
positions	2
poses	2
portions	2
portability	2
pony	2
pond	2
polished	2
police	2
poker	2
pokemon	2
poked	2
pointlessly	2
pockets	2
pm	2
plusi	2
plug	2
plsying	2
pleas	2
playwith	2
playvery	2
playu	2
playthis	2
playthanks	2
playstation	2
playrix	2
playplus	2
playplay	2
playone	2
playon	2
playnot	2
playnice	2
playmakes	2
playlike	2
playingthat	2
playingso	2
playingnot	2
playinglol	2
playingam	2
playfun	2
playful	2
playedits	2
playedit	2
playdo	2
playcant	2
plating	2
plateau	2
plaing	2
plagued	2
plague	2
pizza	2
pits	2
pisses	2
pinterest	2
pineapples	2
pimp	2
piled	2
pile	2
pig	2
picky	2
pickup	2
physics	2
physical	2
photos	2
photo	2
phonethank	2
phonemy	2
phonecomputer	2
phonebut	2
philosophy	2
phenomenal	2
ph	2
petatonix	2
pest	2
personbut	2
personandinstall	2
personalities	2
permanent	2
peril	2
performed	2
pepsi	2
pepper	2
penalize	2
peeve	2
peeps	2
peek	2
pee	2
peanut	2
peak	2
peach	2
peaceful	2
pe	2
pci	2
pcfacebook	2
payquot	2
payout	2
payor	2
paynot	2
payasyougo	2
patterned	2
paths	2
patch	2
pat	2
pastimes	2
passages	2
passage	2
partly	2
participation	2
partake	2
parameters	2
palying	2
paly	2
paini	2
packs	2
pa	2
p2w	2
oz	2
owni	2
ownership	2
owls	2
owes	2
overs	2
overlook	2
overloaded	2
overit	2
overbut	2
overboard	2
outsmart	2
outsiders	2
outs34	2
outits	2
ours	2
ou	2
ots	2
organized	2
ore	2
ordinary	2
ordinarily	2
ordering	2
opponent	2
opinions	2
operated	2
ooh	2
oo	2
onu	2
onset	2
onmy	2
onit	2
onfacebook	2
onethe	2
oneit	2
oneclick	2
onboard	2
onanddownload	2
om	2
olive	2
okaynot	2
okayi	2
offset	2
offits	2
ofcourse	2
ocean	2
occurring	2
occupying	2
obtained	2
obsess	2
observing	2
observe	2
obligations	2
obligated	2
oaks	2
nurse	2
numbingly	2
nucleus	2
nowwith	2
nowthanks	2
nowstill	2
nowhope	2
novice	2
noting	2
notify	2
notified	2
notices	2
noticeable	2
noted	2
notcandy	2
noooooo	2
nonsensical	2
nonplaying	2
nonlinear	2
nongame	2
nonestop	2
nominal	2
nom	2
noglitches	2
nn	2
nightmare	2
nigh	2
nicotine	2
nickled	2
nickels	2
nh	2
nguyen	2
nextlove	2
newspaper	2
networks	2
nerveracking	2
neptune	2
neighborhood	2
neighbor	2
nefarious	2
ne	2
navigating	2
nausea	2
native	2
national	2
nation	2
narwhal	2
narrator	2
nana	2
naive	2
nailed	2
nagged	2
mysteriously	2
musicnot	2
musical	2
muscle	2
murder	2
munchkins	2
multitude	2
multitasking	2
multitask	2
multilevel	2
muchthe	2
muchthank	2
muchits	2
muchcant	2
muchbut	2
movesthen	2
movesits	2
movesit	2
moveshope	2
mounts	2
motivating	2
moths	2
motherinlaw	2
morons	2
morethis	2
moreover	2
moreif	2
morebetter	2
moreamp34	2
mord	2
monthsso	2
moneythis	2
moneynot	2
moneyjust	2
moneybut	2
monday	2
momentum	2
moe	2
modifiers	2
modifications	2
moderate	2
mod	2
mo	2
mmmmmmmm	2
mite	2
mistakes	2
mist	2
miserable	2
mirror	2
miraculously	2
minutesor	2
minority	2
mindnumbingly	2
mimic	2
millons	2
miffed	2
midgame	2
microsoft	2
michael	2
methodology	2
methis	2
methanks	2
methank	2
metal	2
messaging	2
mere	2
menus	2
memorization	2
memes	2
membership	2
melts	2
melt	2
melody	2
mellow	2
mee	2
meanwhile	2
meal	2
mb	2
mazes	2
maynard	2
material	2
mate	2
mastering	2
masterful	2
mast	2
massively	2
mason	2
marry	2
married	2
marks	2
marked	2
manymany	2
manually	2
manual	2
mans	2
manipulative	2
manipulation	2
manipulating	2
maniacally	2
manager	2
manageable	2
mama	2
malware	2
males	2
makeing	2
mainstream	2
mailbox	2
maid	2
magnificent	2
madden	2
mach	2
lv	2
luxury	2
luvs	2
luster	2
lunchtime	2
lunatic	2
lumia	2
lulls	2
luckier	2
luckhave	2
lt	2
lousy	2
lotz	2
lotso	2
lotbut	2
losers	2
loooooove	2
longto	2
longthe	2
longit	2
lollots	2
lolif	2
lolbut	2
logo	2
locations	2
locate	2
lm	2
llove	2
liveswaiting	2
livesthey	2
livessome	2
livesreally	2
livesmoves	2
livesive	2
liveshave	2
livesetc	2
livesamp34	2
liv	2
litttle	2
litterly	2
literary	2
listing	2
lip	2
lineit	2
linei	2
limp	2
lile	2
likeme	2
likeit	2
lifestyle	2
lifequot	2
lifelines	2
levy	2
levles	2
levle	2
leves	2
levers	2
levelvery	2
levelthis	2
levelthe	2
levelsyou	2
levelsthis	2
levelsthanks	2
levelsso	2
levelsreally	2
levelsonce	2
levelsome	2
levelskeep	2
levelsgreat	2
levelor	2
levelmy	2
levellove	2
levellol	2
levelif	2
levelfor	2
levelcant	2
levelcandy	2
levelare	2
level70	2
level50	2
level34	2
level100	2
lev	2
letter	2
lessons	2
lessened	2
lengthy	2
lego	2
legitimate	2
leftso	2
leavels	2
learnand	2
lays	2
layouts	2
lawsuits	2
launching	2
launcher	2
laughter	2
laterbest	2
largely	2
lapse	2
ladies	2
labels	2
kong	2
knowwhen	2
knocks	2
knockoffs	2
kisses	2
kink	2
kindly	2
kindlewell	2
kindlequot	2
kindlelike	2
kindlejust	2
kindleit	2
kindleim	2
kindlefinally	2
kindleamazon	2
kindke	2
kik	2
kidsi	2
kidsand	2
kidle	2
kiddy	2
kiddo	2
kiddie	2
kicker	2
keyyou	2
keyboard	2
kendle	2
kendel	2
kelly	2
keen	2
justifying	2
junkies	2
judy	2
judt	2
judging	2
joys	2
josh	2
joint	2
joe	2
jobamazon	2
jj	2
jimmy	2
jewled	2
jewl	2
jerky	2
jen	2
jelly34	2
jells	2
jelliesquot	2
jeff	2
jaw	2
jar	2
jan	2
jammed	2
iv	2
itwhy	2
itwhat	2
ituntil	2
ittotally	2
itthen	2
itplease	2
itouch	2
itonly	2
itone	2
itokay	2
itnever	2
itl	2
itkeeps	2
itgood	2
itgive	2
itget	2
itfree	2
iteveryone	2
iteven	2
itentertaining	2
itdont	2
itdo	2
itconclusioni	2
itchy	2
itby	2
itbe	2
itat	2
itaddictive	2
itaddicting	2
istore	2
isso	2
islands	2
isjust	2
isits	2
iseveryone	2
isa	2
irrelevant	2
irksome	2
iquotm	2
ipo	2
iplay	2
ip	2
io	2
involvement	2
invitation	2
inventor	2
invade	2
intrusivethe	2
introduction	2
intrigue	2
intrested	2
intire	2
intimidated	2
intill	2
interuptions	2
intertaining	2
interrupting	2
interrupt	2
internal	2
intermittent	2
interfering	2
interacting	2
intentions	2
intensely	2
integrated	2
integrate	2
insulting	2
instincts	2
instinct	2
inspired	2
inso	2
insisting	2
insipid	2
insight	2
inserted	2
inoperable	2
innocuous	2
inline	2
injoy	2
ini	2
ingeniously	2
infuriates	2
informative	2
influences	2
infinity	2
infectious	2
inexplicably	2
industry	2
induced	2
individually	2
indicting	2
indefinitely	2
indefinite	2
increments	2
incorrect	2
inconvenient	2
incline	2
incessantly	2
incase	2
inbox	2
inand	2
inadvertently	2
inaccessible	2
impressive	2
impression	2
impatience	2
immune	2
imaging	2
imagery	2
il	2
ijust	2
iii	2
ihave	2
ige	2
ideal	2
ideai	2
ice	2
icant	2
ican	2
iacutem	2
iacuted	2
i34m	2
hurricane	2
hunger	2
humorous	2
hs	2
hp	2
hows	2
howeveris	2
hoursmy	2
hospitals	2
horrendous	2
hopeless	2
hopeif	2
hooo	2
hookedcant	2
hookedbut	2
hood	2
honey	2
hones	2
honed	2
hone	2
homes	2
homebound	2
holes	2
holdup	2
holder	2
hoists	2
hobbies	2
hoard	2
hmm	2
hive	2
hitch	2
hire	2
highy	2
hh	2
heshe	2
herelove	2
heh	2
heels	2
hearted	2
heap	2
headway	2
headphones	2
headed	2
hdxi	2
hds	2
hdnow	2
hd6	2
hays	2
havin	2
haveto	2
haves	2
haul	2
hatred	2
hath	2
harmful	2
harm	2
hare	2
hardso	2
hardit	2
harderbut	2
harassed	2
happyi	2
happenedso	2
hangup	2
handicapped	2
hams	2
ham	2
halfway	2
hahhaa	2
hahah	2
haft	2
gym	2
guy34	2
gumball	2
grrrr	2
grossed	2
grips	2
gripping	2
grill	2
grief	2
gregorio	2
greens	2
greatthis	2
greatness	2
greatmy	2
greatlove	2
gray	2
graveyard	2
grave	2
grandmas	2
grandbaby	2
grain	2
graduated	2
grader	2
gose	2
gore	2
goop	2
goog	2
goodit	2
goodgreat	2
goodfun	2
gome	2
golly	2
golf	2
goggle	2
go34	2
glory	2
glorious	2
glich	2
glasses	2
giggled	2
ghat	2
gf	2
gettin	2
getout	2
geti	2
genus	2
geniuses	2
generator	2
generates	2
gender	2
geeze	2
geesh	2
geek	2
gd	2
gb	2
gazillion	2
gathering	2
gate	2
gamits	2
gameyoull	2
gamewould	2
gametotally	2
gametoo	2
gamethats	2
gamestress	2
gamesthis	2
gamesit	2
gamesgot	2
gamesgive	2
gamesfun	2
gamesexcept	2
gamesand	2
games34	2
gamerecommend	2
gameplays	2
gameplayit	2
gameoverall	2
gameonly	2
gamenever	2
gameneed	2
gamemust	2
gameis	2
gamehow	2
gamefungreat	2
gameeveryone	2
gameevery	2
gameever	2
gameespecially	2
gameenjoy	2
gamee	2
gamecould	2
gamechallenges	2
gamebeware	2
gameamazon	2
gamble	2
gals	2
gallery	2
gaga	2
gag	2
gadget	2
ga	2
fuzzy	2
futile	2
fuse	2
furthest	2
funwould	2
funwhy	2
funtoo	2
funto	2
funthat	2
funsome	2
funso	2
funrecommend	2
funnot	2
funnier	2
funnever	2
funner	2
funlike	2
funky	2
funim	2
funhighly	2
funhelps	2
funhave	2
funhard	2
funfor	2
funentertaining	2
funeasy	2
fundont	2
fundamental	2
funamp	2
funalways	2
funalmost	2
fulfills	2
fu	2
frustratingthe	2
frustratingalso	2
frugal	2
fronds	2
frogger	2
friendssome	2
friendsso	2
friendslove	2
friendsif	2
friendseven	2
fried	2
frenzied	2
freinds	2
freetime	2
freeno	2
freelove	2
freeit	2
freefall	2
freedom	2
freaks	2
foward	2
fourteen	2
fotget	2
fortunate	2
fortitude	2
forsure	2
formula	2
foreverbut	2
font	2
follows	2
fn	2
flustrated	2
fluffy	2
fluff	2
flows	2
flown	2
floss	2
flip	2
flex	2
flee	2
flavors	2
fivestar	2
firstthen	2
firmly	2
fireworks	2
firewhen	2
firethis	2
fireno	2
fireits	2
firebut	2
fire34	2
finnish	2
finance	2
finallycandy	2
fim	2
filthy	2
fifth	2
fiend	2
fields	2
fgg	2
fever	2
fence	2
featuring	2
fe	2
favors	2
faulty	2
faults	2
fathom	2
fashion	2
farnow	2
fari	2
fantasy	2
fantastically	2
fancy	2
fanatics	2
famiily	2
fairyquot	2
fairbut	2
faintest	2
failures	2
failed34	2
factors	2
facing	2
facespace	2
faces	2
facebookits	2
facebooking	2
facebookers	2
eyed	2
exuberance	2
extrasi	2
extorted	2
extensive	2
exta	2
ext	2
exsited	2
exposed	2
explosives	2
explicit	2
explainable	2
expiring	2
experts	2
experiment	2
expend	2
expectation	2
expands	2
existed	2
exhilaration	2
exhausting	2
exercised	2
excuses	2
excitedi	2
excessively	2
excel	2
exasperated	2
exams	2
exaggeration	2
exacly	2
evolution	2
everywere	2
everythingi	2
everyonenot	2
everyonefun	2
everynight	2
everydaymy	2
everydayi	2
everlove	2
everlasting	2
everjust	2
everday	2
everbut	2
eventhough	2
eve	2
evaluate	2
ev	2
ethics	2
ethical	2
ether	2
essence	2
escaping	2
escapes	2
escalates	2
escalate	2
errs	2
ere	2
equivalent	2
episodei	2
entry	2
entitled	2
enthralled	2
entertainmenti	2
entertainmentgreat	2
entertainingit	2
entertainingim	2
entertainingand	2
entail	2
ensures	2
enrich	2
enought	2
enjoyably	2
engineered	2
enforced	2
energized	2
endorse	2
endi	2
encouragement	2
enable	2
en	2
employees	2
employed	2
employ	2
emotion	2
emailing	2
elsethe	2
ell	2
elevators	2
elbow	2
elation	2
elapse	2
ehh	2
ehen	2
ego	2
effectiveness	2
effectively	2
eerily	2
edit	2
edges	2
economics	2
ebook	2
easytouse	2
easysome	2
eases	2
eased	2
ear	2
ea	2
dynamic	2
dy	2
dutch	2
dusty	2
dust	2
durham	2
dumping	2
dump	2
duck	2
ds	2
driven	2
dramatically	2
drainer	2
dragonvale	2
dragons	2
dragging	2
dpnt	2
doyou	2
downtimes	2
downthis	2
downthe	2
downlove	2
downloadable	2
downhave	2
downfalls	2
downbut	2
dowloaded	2
doughnuts	2
doughnut	2
doses	2
doodle	2
donti	2
donei	2
donate	2
don34t	2
domy	2
domain	2
doll	2
dolevel	2
doingi	2
doest	2
doesntt	2
doesn	2
dna	2
dmv	2
djokovic	2
diy	2
divices	2
diverting	2
diverse	2
ditto	2
disturbed	2
disturb	2
distances	2
dissapoint	2
dispute	2
displays	2
disorders	2
disorder	2
disney	2
dismissal	2
dislikes	2
disliked	2
dishing	2
disheartening	2
discourages	2
discontinued	2
disconnecting	2
disc	2
disaster	2
disapointed	2
dirt	2
director	2
direct	2
dipped	2
dip	2
dinero	2
diminishing	2
diming	2
dimes	2
dimension	2
dilemma	2
digit	2
dificult	2
diffucult	2
differnt	2
differing	2
differ	2
dictates	2
dialysis	2
diagonal	2
devoting	2
devine	2
devilishly	2
devil	2
devicei	2
deviate	2
detracts	2
detox	2
deters	2
determining	2
destressor	2
destressing	2
desirable	2
designing	2
designer	2
deserved	2
descriptions	2
describing	2
derp	2
depressing	2
depleted	2
department	2
denying	2
deny	2
denise	2
denied	2
denial	2
den	2
democrats	2
demise	2
dementia	2
delivers	2
delicious34	2
deliberately	2
deliberate	2
deletes	2
delet	2
delaying	2
deffinitly	2
deffinitely	2
deff	2
dee	2
dedication	2
decompressing	2
deck	2
deceased	2
decay	2
debt	2
debated	2
dealt	2
dealslide	2
dd	2
daytoday	2
daytime	2
daystherefore	2
daynow	2
daylol	2
daykeep	2
dayif	2
dayat	2
dawn	2
darling	2
dandy	2
dance34	2
damage	2
dailey	2
cylinders	2
cycles	2
cycle	2
cuter	2
cus	2
curreneth	2
curb	2
cupcakes	2
ctrl	2
crushwhen	2
crushthats	2
crushthank	2
crushsome	2
crushsaga	2
crushnot	2
crushingcandiescom	2
crummy	2
cruising	2
cruch	2
critique	2
critically	2
criminal	2
cries	2
cried	2
crazyi	2
crazyespecially	2
crazydont	2
crazier	2
cray	2
crawling	2
cravings	2
crank	2
cracki	2
crackhead	2
courage	2
couldntt	2
cos	2
corruption	2
correction	2
corporation	2
corny	2
corey	2
copyrights	2
copycats	2
copycat	2
copies	2
coolif	2
cooldown	2
coolbut	2
coo	2
conveyor	2
converse	2
conversations	2
conveniently	2
controll	2
contribute	2
contra	2
continueso	2
continuation	2
continously	2
contend	2
contemplate	2
contained	2
cont	2
consumption	2
constrained	2
consistantly	2
considerate	2
consequently	2
conniving	2
congratulations	2
congratulate	2
confronted	2
conform	2
confirming	2
confirmation	2
confirm	2
confections	2
conditions	2
conditioning	2
concur	2
concerning	2
computerso	2
computerphone	2
computerfb	2
compulsion	2
comprehend	2
compliant	2
competitor	2
competes	2
competeing	2
compatable	2
compact	2
commotion	2
committed	2
commenting	2
comfortably	2
coma	2
coloured	2
colorsshapes	2
coins34	2
coincidence	2
coaster	2
coast	2
coals	2
coaching	2
clueless	2
clicks	2
clicking	2
cliches	2
cleaner	2
classmates	2
classical	2
clasic	2
city	2
circumstances	2
ci	2
chuzzle	2
chuffed	2
chuckle	2
chubby	2
chrush	2
chris	2
chop	2
chooses	2
chocolatelol	2
choclate	2
childlike	2
chic	2
chewing	2
chew	2
cheets	2
cheek	2
checkpoint	2
cheater	2
cheapo	2
chase	2
chart	2
charles	2
charger	2
chaotic	2
channels	2
champ	2
challengingthe	2
challengingoh	2
challengingkeep	2
challengingjust	2
challengingim	2
challengingfun	2
challengeyou	2
challengesometimes	2
challengei	2
challenaging	2
chalange	2
certainty	2
centsit	2
censoring	2
cease	2
cd	2
categories	2
catchphrase	2
cast	2
carpools	2
carpool	2
carny	2
carefull	2
career	2
captures	2
capture	2
captivated	2
capped	2
canyon	2
canquott	2
canon	2
candywhen	2
candythe	2
candyquot	2
candyi	2
candygemballoon	2
candycrushsaga	2
candiesthe	2
candiesquot	2
camp	2
calendar	2
bynum	2
butwhen	2
buts	2
buton	2
butmy	2
buting	2
busting	2
buses	2
bullblitz	2
bulk	2
buff	2
buddy	2
buckle	2
brutal	2
browser	2
bros	2
broadcast	2
broad	2
brilliance	2
bribe	2
breakthrough	2
breakjust	2
bread	2
bre	2
brave	2
brainless	2
brainits	2
brainit	2
brained	2
bra	2
bounce	2
bottombut	2
bothersome	2
bot	2
boringit	2
boringfrustrating	2
boredyou	2
boredhighly	2
borad	2
bootleg	2
booted	2
booo	2
booger	2
bonuss	2
bonnie	2
bold	2
bogged	2
boarding	2
boa	2
bo	2
blues	2
bliss	2
blinking	2
blink	2
blew	2
blessed	2
blending	2
blasts	2
blasting	2
blasti	2
blaster	2
blanket	2
blackjack	2
blackhole	2
bipolar	2
bin	2
billing	2
bigfoot	2
bien	2
bffs	2
bewareif	2
betty	2
betting	2
betterbut	2
bestselling	2
besti	2
bestgameever	2
bested	2
bern	2
beneficial	2
beneath	2
bender	2
bend	2
belts	2
belongs	2
belive	2
believes	2
bejuled	2
bejewels	2
bejeweleddont	2
bejeweld	2
bejewed	2
begrudge	2
beforejust	2
beforei	2
bees	2
beef	2
bedroom	2
becuase	2
beckons	2
beck	2
beast	2
bears	2
bday	2
bb10	2
battles	2
batteries	2
bathe	2
batch	2
bases	2
baseball	2
barrier	2
barrel	2
bankruptcy	2
banking	2
banked	2
banging	2
bananas	2
banana	2
bags	2
baffled	2
backseat	2
backgammon	2
babies	2
ba	2
b4	2
azkend2	2
aying	2
awww	2
awesomethe	2
awesomebut	2
awarding	2
avoids	2
avaliable	2
availible	2
ausome	2
audiences	2
audience	2
attributes	2
attentive	2
attacks	2
atari	2
assured	2
assortment	2
assorted	2
associate	2
asinb00fapf5u0	2
artistic	2
arrested	2
array	2
arranged	2
arguing	2
argh	2
arei	2
archos	2
arbitrary	2
arbitrarily	2
aquarium	2
appthank	2
approved	2
approval	2
appquot	2
applying	2
applove	2
applies	2
apples	2
appit	2
appim	2
appfor	2
appearing	2
appearance	2
appand	2
app34	2
apollo	2
anythingits	2
antsy	2
anther	2
answered	2
annoyingand	2
ann	2
animals	2
animal	2
angst	2
anf	2
anew	2
anal	2
ample	2
amp34this	2
amp34the	2
amp34sweetamp34	2
amp34questsamp34	2
amp34owlamp34	2
amp34match	2
amp34just	2
amp34jackpotamp34	2
amp34friendsamp34	2
amp34fairamp34	2
amp34crushamp34	2
amp34candy	2
amp34buyamp34	2
ammo	2
american	2
america	2
ame	2
amazom	2
amazeballs	2
amaizing	2
alway	2
alltime	2
allquot	2
allowable	2
allmost	2
allinall	2
alli	2
alleviate	2
allaround	2
aligned	2
alien	2
alevel	2
alerts	2
alertness	2
aiming	2
aim	2
ai	2
ahhhhhhh	2
ahhhhhh	2
agony	2
agility	2
aggrivating	2
aggrevating	2
agesthank	2
ageseasy	2
agame	2
againuntil	2
againto	2
againquot	2
againnot	2
againid	2
againfun	2
againafter	2
afterwards	2
afflicted	2
affair	2
afew	2
aesthetically	2
advised	2
adviceif	2
advertises	2
advertisers	2
advert	2
advancements	2
adopting	2
admitting	2
admittedly	2
adictivo	2
adicctive	2
ade	2
addressed	2
addon	2
additives	2
additivei	2
additctive	2
additcted	2
addictivness	2
addictivewould	2
addictivethis	2
addictivenow	2
addictivemakes	2
addictivem	2
addictivelol	2
addictiveim	2
addictiveif	2
addictivehard	2
addictivegreat	2
addictivegood	2
addictivefun	2
addictiveeven	2
addictivedont	2
addictiveall	2
addictingyou	2
addictingtook	2
addictingonce	2
addictinggood	2
addictingglad	2
addictedthe	2
addictednow	2
addictedbut	2
addicive	2
addiciting	2
addicited	2
addic	2
adam	2
activates	2
achievements	2
achievable	2
acheive	2
accurate	2
accrue	2
accessories	2
accessing	2
accessed	2
abut	2
abused	2
aboutvery	2
aboutthen	2
aboutthe	2
aboutso	2
abound	2
abit	2
abd	2
aargh	2
9yr	2
999	2
97940	2
95th	2
90000	2
900	2
8and	2
84	2
830	2
815	2
81	2
7i	2
740	2
70it	2
600	2
5x	2
5then	2
5th	2
5plays	2
5min	2
591	2
533	2
4year	2
4star	2
4am	2
4adults	2
491	2
482	2
480	2
478	2
463	2
456	2
452	2
44	2
439	2
433	2
42	2
41and	2
41	2
40s	2
404	2
3yo	2
3amp34	2
382	2
380	2
37th	2
376	2
375	2
367	2
365	2
360	2
34yes34	2
34waiting34	2
34wait34	2
34unlock34	2
34times	2
34there	2
34the	2
34tasty34	2
34take	2
34stupid34	2
34special34	2
34special	2
34sorry	2
34so	2
34powers34	2
34power	2
34only	2
34ok34	2
34moves34	2
34like	2
34jewel	2
34hints34	2
34have	2
34happy	2
34goto34	2
34go	2
34give	2
34game34	2
34facebook	2
34crush	2
34coins34	2
34cheats34	2
34cannot	2
34buying34	2
34boosts34	2
34bombs34	2
34amazon	2
345	2
344	2
34334	2
325	2
323	2
30s	2
30min	2
30m	2
3040	2
30000	2
2yr	2
2years	2
2months	2
2hrs	2
2hr	2
2hours	2
2am	2
288	2
287	2
281	2
276	2
272	2
264	2
261	2
254	2
24hr	2
240	2
223	2
21st	2
20min	2
208	2
2048	2
204	2
2025	2
201	2
200th	2
2000	2
1life	2
1but	2
197	2
191	2
190	2
157	2
156	2
154	2
153	2
144	2
138	2
121	2
118	2
11032013	2
106	2
0n	2
00	2
zynderman	1
zygna	1
zxcvb	1
zuma	1
zthis	1
zte	1
zoo	1
zoneout	1
zoned	1
zombification	1
zombieville	1
znsee	1
zit	1
zings	1
zerlene	1
zeki	1
zcfc	1
zapping	1
z30	1
yyyyyytyyyyyttttt	1
yyyfdj	1
yyou	1
yves	1
yupthats	1
yupim	1
yummmmmy	1
yummmm	1
yummey	1
yuk	1
yuck	1
yrsold	1
yrsbut	1
yoydddyuooududdyuyiyottyttdgjdhyfk	1
youyr	1
youy	1
youxoxops	1
youwant	1
youw	1
youvery	1
youuuuu	1
youtune	1
youtotally	1
youthupdate	1
youthis	1
youthink	1
youtheres	1
yout	1
youstuck	1
yousandygal	1
yourslivesend	1
yourselfupload	1
yourselfthis	1
yourselfit	1
yourselfi	1
yourselfgraphics	1
yourselfeverything	1
yourselfand	1
yourselfamp34	1
yourpatience	1
yourfor	1
yourchances	1
youranaematthotmailcom	1
youquotre	1
youquot	1
youpaying	1
youone	1
younshould	1
younow	1
younot	1
youngens	1
youngbright	1
youmore	1
youlove	1
youloose	1
youllbe	1
youlike	1
youive	1
youits	1
youin	1
youimagine	1
youif	1
youhow	1
youfellas	1
youf	1
youever	1
youcould	1
youcna	1
youcanplay	1
youcanbemindlessorusestrategy	1
youbut	1
youasking	1
youare	1
youalso	1
youaddictedtocandycrush	1
youacutell	1
yoself	1
yor	1
yoplay	1
yoooohoooo	1
yoo	1
yomove	1
yogathis	1
yogart	1
yku	1
yiu	1
yit	1
yipes	1
yipee	1
yinyang	1
ying	1
yin	1
yhou	1
yhen	1
yhe	1
yggdrasil	1
yeyyyyy	1
yey	1
yetwhat	1
yettry	1
yetto	1
yetso	1
yetnow	1
yetimpossible	1
yethurry	1
yetget	1
yetcant	1
yetbut	1
yetand	1
yesstopnogo	1
yessssssssss	1
yesssssssss	1
yesssss	1
yessss	1
yessness	1
yesquotand	1
yeslove	1
yesi	1
yesawesome	1
yepwhat	1
yepfun	1
yepcandy	1
yen	1
yells	1
yeeep	1
yeeeeeeeeeeees	1
yearstexasbob81aimcom	1
yearsdesigned	1
yearsand	1
yearquot	1
yearning	1
yearnever	1
yearld	1
yearhaving	1
yeard	1
yearbut	1
yeahu	1
yeahthats	1
yeahso	1
yeahits	1
yeahit	1
yeahi	1
yeahhhhhh	1
yeahhh	1
yeahcrush	1
yeahand	1
ydjih	1
yayyyyyy	1
yayway	1
yaysuch	1
yayi	1
yayayayayyayayyaay	1
yayay	1
yayand	1
yass	1
yaself	1
yas	1
yang	1
yaif	1
yahope	1
yahooooooooooooooooooooooooo	1
yahoooooooooo	1
yahooooo	1
yahoocan	1
yadayadayada	1
yaafter	1
yaaaay	1
yaaaaayyyyyy	1
yaaaaaay	1
yaaaaaaaay	1
yaaaaaaaaaaaaaaaaaaaaaaaaaaaa	1
yaaaaa	1
xxxxxxxxx	1
xxxxxxx	1
xxxx	1
xxqcc	1
xtras	1
xt	1
xoxoxoxoxoxoxjibcvg	1
xoxoxoxox	1
xoxoxo	1
xoxox	1
xoxo	1
xoxit	1
xoom	1
xmass	1
xhxhd	1
xhdvd	1
xddownload	1
xcvii	1
xcvi	1
x2	1
wy	1
wwwcandycrushcheatscom	1
wwf	1
wuld	1
wudnt	1
wub	1
wthe	1
wt	1
wss	1
wso	1
wrting	1
wrre	1
wrongwhat	1
wrongits	1
wrongi	1
wronggreat	1
wrongful	1
wrking	1
wrk	1
writs	1
writers	1
writ	1
wrinkle	1
wretched	1
wrestling	1
wrecker	1
wreaking	1
wrath	1
wraps	1
wrappered	1
wraped	1
wrack	1
woyld	1
wows	1
wowos	1
wowits	1
wout	1
wounldful	1
wounded	1
woulnt	1
wouldntlet	1
wouldnt34time	1
wouldlove	1
wouldkk	1
wouldget	1
wouldbe	1
woulda	1
wotldb	1
wotking	1
wot	1
worthand	1
worstdont	1
worstaddictive	1
worship	1
worrys	1
worryit	1
worrry	1
worned	1
worm	1
worle	1
worldyea	1
worldsits	1
worldr	1
worldor	1
worldhelp	1
worldget	1
worldamp34	1
workwhile	1
workwhich	1
worktotally	1
workswell	1
worksproblems	1
workso	1
worksmahalo	1
worksif	1
worksi	1
workplace	1
workp	1
workouts	1
workor	1
workloldone	1
workits	1
workit	1
workingtry	1
workingthe	1
workinglove	1
worki	1
workget	1
workforces	1
worker	1
workduring	1
workdeleted	1
workday	1
workcomes	1
workclash	1
workbut	1
workbenefit	1
workbefore	1
workarounds	1
worka	1
worest	1
wordswhatever	1
wordsvery	1
wordsdone	1
words34	1
wordon	1
wordi	1
wordgreat	1
worded	1
wordaddictive	1
wordaddictingits	1
wooten	1
woopwoop	1
woop	1
wooot	1
wooooooooooooooooooooooooooooooooooooooooooooooow	1
wooooooooo	1
woooooo	1
woohoooo	1
woohooo	1
wontonce	1
wontits	1
wontet	1
wontdo	1
wonkyi	1
wonka	1
wonhellipbam	1
wong	1
wondrous	1
wonderul	1
wonderingwhy	1
wonderingwho	1
wonderfulwarning	1
wonderfullove	1
wonderfull	1
wonderfulit	1
wonderfuli	1
wonderfulgreat	1
wonderfulgrandchildren	1
wonderfulfuninterestingand	1
wonderfulcandy	1
wonderfulawesome	1
wonderedthe	1
womans	1
wolves	1
wolfhard	1
woks	1
woes	1
woeds	1
woe	1
woahsalsa	1
wnat	1
wmy	1
wmulticolored	1
wll	1
wld	1
wlaptop	1
wjw	1
wjth	1
wjat	1
wiz	1
wiwhen	1
withthisgame	1
withthe	1
witht	1
withstood	1
withoutsusan	1
withouteither	1
withouteating	1
withlove	1
withjust	1
withiut	1
withi	1
withhout	1
withholds	1
withget	1
wither	1
withdrawls	1
withdraw	1
with14	1
witchquot	1
witchpyramid	1
wishyou	1
wishyea	1
wishful	1
wires	1
wired	1
winwhat	1
winthere	1
winthen	1
winthe	1
winthat	1
wintery	1
winso	1
winoh	1
winnow	1
winn	1
winlove	1
winlearn	1
winks	1
winits	1
wini	1
wingreat	1
wing	1
windows8	1
windev	1
windespise	1
winddown	1
winbefore	1
winanother	1
winalthough	1
winable	1
win34candy	1
win34	1
willtoo	1
willtell	1
wills	1
willrecommend	1
willplay	1
willkeep	1
williams	1
william	1
willget	1
willenjoy	1
wildfire	1
wilder	1
wiipsetc	1
wih	1
wiggles	1
wigging	1
wifr	1
wifikeeps	1
wifiits	1
wifealso	1
wieellike	1
widows	1
widh	1
widgets	1
widget	1
widescreen	1
wider	1
widely	1
wid	1
wickedly	1
wichita	1
wiating	1
whyyyyy	1
whythis	1
whyi	1
whyd	1
whycant	1
whrn	1
whotspot	1
whoring	1
whore	1
whoppergreat	1
whoops	1
whoooooo	1
whoohoo	1
whonlike	1
wholeheartedly	1
whoalready	1
whkle	1
whizzed	1
whittle	1
whith	1
whitch	1
whistling	1
whirlpool	1
whirling	1
whirl	1
whips	1
whiped	1
whilst	1
whiling	1
whilethen	1
whiles	1
whileplaying	1
whileneed	1
whilemyles	1
whilemaybe	1
whileif	1
whilei	1
whileeth	1
whileand	1
whichquotfriendsquot	1
whichever	1
whey	1
whewwwwwww34	1
wherethanx	1
whereisagoshdarnsugarballwhenyouneedone	1
wherein	1
whereever	1
whereby	1
whenim	1
wheneveryour	1
whelp	1
whelmingto	1
whelming	1
wheelthis	1
wheelso	1
wheelquot	1
wheelonce	1
wheelive	1
wheelits	1
wheelijust	1
wheelhave	1
wheelchair	1
wheeland	1
wheelamp34	1
wheeeee	1
wheat	1
whatwhati	1
whator	1
whatcha	1
whatall	1
wharf	1
whant	1
whacked	1
whaaaaa	1
wet34	1
wes	1
werentso	1
wend	1
welp	1
wellyoure	1
wellworth	1
wellwho	1
wellthis	1
wellthats	1
wellsyncs	1
wellspaced	1
wellrounded	1
wellplease	1
wellplay	1
wellonly	1
wellone	1
wellknown	1
wellits	1
wellgreat	1
wellgive	1
wellexplained	1
welldesigned	1
wellcant	1
wellbeloved	1
wellanyone	1
wellall	1
weirdest	1
weighted	1
weeksthey	1
weeksthen	1
weeksthe	1
weeksso	1
weekss	1
weekspaid	1
weeksotherwise	1
weeksmonths	1
weeksit	1
weeksis	1
weeksha	1
weekonly	1
weeknesses	1
weekkeep	1
weekhighly	1
weekgrand	1
weekendsi	1
weee	1
wedge	1
wedding	1
wedded	1
webi	1
weasel	1
weary	1
wears	1
wearer	1
weapon	1
wealthy	1
wealthly	1
weaknesses	1
weakens	1
wc	1
wayyyyyy	1
waywould	1
waywoo	1
waywhen	1
waythis	1
waythe	1
wayslove	1
wayron	1
wayppl	1
wayon	1
wayne	1
waymy	1
wayits	1
wayi	1
wayhey	1
waygood	1
wayglad	1
wayfor	1
waybut	1
waybeen	1
wayall	1
way34	1
waving	1
waves	1
wathes	1
waters	1
waterreally	1
waterproof	1
watermelon	1
watermalon	1
wated	1
wasting34	1
wasthen	1
wastesjennings23	1
wasterwish	1
wasterthats	1
wasterstill	1
wasterlots	1
wasteright	1
wasterfun	1
wastekeep	1
wassup	1
wasstuck	1
wasreasonable	1
wasnow	1
wasis	1
washington	1
washing	1
washard	1
wasfinally	1
wasbut	1
was2	1
wary	1
wars	1
warrior	1
warrant	1
warp	1
warningonce	1
warningits	1
warninghighly	1
warningaddictive	1
warnedlol	1
warnedit	1
warnedi	1
warnedcandy	1
warmup	1
warms	1
warmmm	1
warish	1
waring	1
ware	1
warcraft	1
wanton	1
wantneed	1
wanti	1
wanteventually	1
wantedthey	1
wantedneeded	1
wantedamazon	1
waning	1
wang	1
wander	1
wand	1
walmartyou	1
wallpaper	1
walletthe	1
walkway	1
walkthroughs	1
walked	1
wakt	1
waityou	1
waitwhen	1
waitto	1
waittime	1
waitthat	1
waitthank	1
waits24	1
waitress	1
waitplay	1
waitoh	1
waitng	1
waitmany	1
waitlooking	1
waitit	1
waitingwhats	1
waitingthat	1
waitingso	1
waitingpatiently	1
waitingnow	1
waitingnice	1
waitinggggg	1
waitingfun	1
waitingeasy	1
waitig	1
waiti	1
waith	1
waitfaith	1
waiters	1
waiter	1
waitedone	1
waitedand	1
waitcome	1
waitcheats	1
waitbadbadbadbad	1
waitand	1
wait2325	1
waisting	1
waiste	1
wail	1
waig	1
wai	1
wahoo	1
wah	1
wagonbut	1
wagain	1
wacker	1
waater	1
waaay	1
waaaay	1
waaaan	1
waaaaayyy	1
waaaaaayyy	1
waaaaaaay	1
w8	1
vvg	1
vvery	1
vvccsdb	1
vszombies	1
vowels	1
vortices	1
von	1
voming	1
vol	1
vividly	1
vite	1
vitalityotherwise	1
visitlol	1
visiti	1
visited	1
visible	1
visable	1
viola	1
vimbbbbbbbbbbbbbbgjbbbb	1
villegas	1
ville	1
village	1
vikings	1
viewpoint	1
viewers	1
viewed	1
videogames	1
videogame	1
victoryi	1
victories	1
victor	1
victims	1
vichy	1
vibrate	1
viberate	1
viable	1
vhf	1
vhasvqvqutmost	1
vgv	1
vgame	1
vexing	1
vety	1
verzon	1
veryy	1
veryvery	1
veryentertaining	1
veryaddictive	1
vertigo	1
verson	1
versoin	1
versionthis	1
versionthey	1
versionthe	1
versiont	1
versionsso	1
versiononly	1
versionnumber	1
versionmay	1
versionlinking	1
versionhopefully	1
versioncant	1
versiona	1
verses	1
versatry	1
vers8ion	1
verry	1
verify	1
verification	1
veriaty	1
verge	1
verbiage	1
verbally	1
ver	1
venture	1
vent	1
vengeance	1
vendedor	1
velt	1
velocity	1
velcro	1
veins	1
vein	1
vegitate	1
veggies	1
veggie	1
vegetarian34	1
vegetables	1
veey	1
veer	1
veeerry	1
veeeeeery	1
veces	1
vebeen	1
vdivide	1
vbulletin	1
vbn	1
vb	1
vatiation	1
vastly	1
varyi	1
varietywillkeepplaying	1
variationsthe	1
variable	1
vames	1
vame	1
valuble	1
valubale	1
valley	1
valerie	1
valentine	1
vain	1
vailable	1
vacations	1
vac	1
v101	1
uzbek	1
uwhwh	1
uvs	1
uve	1
uv	1
uuuugghquicker	1
uup	1
uunnessasary	1
uuigh	1
utube	1
utter	1
utility	1
uthis	1
uthar	1
utah	1
ut	1
usxall	1
uswe	1
usualy	1
usuallyespecially	1
ustry	1
ussr	1
usshes	1
uspto	1
usotherwise	1
usless	1
usingn	1
usesorry	1
usesneeds	1
userstasty	1
usersfritends	1
username	1
uselets	1
uselessthanks	1
uselessly	1
usefulness	1
usedso	1
useappropriate	1
usagethis	1
us34	1
urself	1
urrggghh	1
urinating	1
urghhh	1
urges	1
urgently	1
urged	1
urg	1
urban	1
upwish	1
upwhich	1
upwhen	1
upun	1
uptry	1
uptoyou	1
uptight	1
upthank	1
upsquot	1
upso	1
upsmy	1
upsif	1
upside	1
upsgold	1
upsfor	1
upsecond	1
upsbesides	1
uproar	1
upright	1
upperlevels	1
upperhand	1
upotherwiseawesome	1
upor	1
uplove	1
uplolcome	1
uploading	1
uploadfun	1
upkeep	1
upits	1
upif	1
uphave	1
upgrrr	1
upgreat	1
upgradesuggestion	1
upgradesmy	1
upgradenot	1
upfun	1
upfound	1
upevery	1
upeileen	1
updgrade	1
updatethe	1
updatesuntil	1
updatesonly	1
updatesjust	1
updatesif	1
updateshow	1
updatemy	1
updatelove	1
updatehelping	1
updatedit	1
updateaddictive	1
updatea	1
upawesome	1
upand	1
upagainsame	1
upaddicted	1
up2	1
uou	1
uonce	1
unwound	1
unwise	1
unwindso	1
unwinds	1
unwindingand	1
unwinable	1
unwelcome	1
unutterable	1
unusable	1
untiring	1
untimed	1
untilyou	1
untilthis	1
untilmy	1
untillove	1
unsuspecting	1
unstoppable	1
unscrupulous	1
unscathed	1
unsatisfying	1
unsatisfied	1
unrivalled	1
unrestricted	1
unresponsive	1
unreplied	1
unreasonably	1
unrealistici	1
unrealistic	1
unpredictability	1
unpopular	1
unplugeven	1
unplug	1
unpleasant	1
unpateint	1
unpaid	1
unobtainable	1
unneeded	1
unnecessaryha	1
unmatched	1
unmanageable	1
unlucky	1
unlockjust	1
unlockedbut	1
unlockbubblegum	1
unloaded	1
unlinked	1
unlimitedevery	1
unlessi	1
unleashed	1
unleash	1
unknowingly	1
unjustly	1
unix	1
unity	1
unitsvery	1
unistallednot	1
uniqueoften	1
uniqueness	1
uninteresting	1
uninstalls	1
uninstallingjust	1
uninitiated	1
unicorn	1
unhelpful	1
unfun	1
unfreeze	1
unfortunatly	1
unfairlyalso	1
unfairbut	1
unexplained	1
unexpectedly	1
undwrstand	1
undressed	1
undoubtedly	1
undoable	1
undivided	1
undignified	1
undeveloped	1
underwhelming	1
understandwhyinfin	1
understandthe	1
understands	1
understanddo	1
underneath	1
underlying	1
underestimate	1
undeniably	1
undeniable	1
undderstand	1
undated	1
uncowardinated	1
uncovering	1
uncovered	1
uncounted	1
uncool	1
uncontrollably	1
uncontrollable	1
uncommon	1
uncomfortable	1
unclick	1
uncleari	1
unbridled	1
unboard	1
unblock	1
unbeatablebut	1
unbearable	1
unbalanced	1
unavoidable	1
unavailablequot	1
unattended	1
unappealing	1
unaccustomed	1
unacceptably	1
umwrong	1
ultraviolet	1
uld	1
uk	1
uhmy	1
uhm	1
uhhhhhhh	1
uhhhhh	1
uhhh	1
uglyseriously	1
ughhh	1
ughh	1
ugg	1
uganda	1
ucangetturnip	1
uberadvertising	1
uber	1
uahaja	1
tyvm	1
tyrned	1
tyres	1
tyr	1
typw	1
typos	1
typeof	1
tyour	1
tyme	1
tyler	1
tycoon	1
tyco	1
txtvery	1
twoyou	1
twothree	1
twostar	1
twittering	1
twits	1
twith	1
twitches	1
twitch	1
twit	1
twistskeeps	1
twister	1
twirling	1
twicei	1
tweets	1
tweaks	1
tweaking	1
twang	1
tvth	1
tvplay	1
tvits	1
tutu	1
tut	1
turtles	1
turnsweve	1
turnsno	1
turnsand	1
turnip	1
turn34	1
turmoil	1
turing	1
turbotastic	1
tunis	1
tunics	1
tumors	1
tummy	1
tuesday	1
tubular	1
tubos	1
tubes	1
tubequot	1
tu	1
ttyl	1
tty	1
ttttttttttttthhhhhhhhhhhhhiiiiiiiiiiiiisssssssssssss	1
ttotally	1
ttons	1
tthree	1
tthe	1
tsome	1
tsk	1
tshirts	1
tshirt	1
trytry	1
trysto	1
trysat	1
tryquot	1
tryout	1
trynice	1
tryng	1
trynext	1
tryna	1
trylove	1
tryits	1
tryit	1
tryinlng	1
tryingwarning	1
tryingvery	1
tryingpasses	1
tryingnothing	1
tryingmy	1
tryingit	1
tryingif	1
tryingi	1
tryingdoesnt	1
tryingbut	1
tryinga	1
trygood	1
tryglad	1
truthful	1
trump	1
trulyfree	1
truest	1
truelove	1
trueit	1
truehonestly	1
trough	1
troublethanks	1
troublesome	1
troubleshooting	1
troublehope	1
troubleevery	1
trot	1
trophy	1
troop	1
troblem	1
trivial1	1
trivial	1
triumphant	1
tripquit	1
trippy	1
trippled	1
triples	1
tripgreat	1
trio	1
trinidad	1
trini	1
trillion	1
triggered	1
triesturns	1
triesquot	1
triedit	1
triedi	1
trickyeth	1
trickybut	1
trickyanyway	1
trickstips	1
tricking	1
trickiest	1
trickier	1
trickerydeceitslash	1
trickbottom	1
tribe	1
treta	1
trends	1
treatments	1
treatment	1
treasure	1
trays	1
tray	1
traverse	1
travelp	1
travelinglove	1
travelingkids	1
travelingand	1
travelingalso	1
trauma	1
trashlol	1
trashed	1
tras	1
transports	1
translucent	1
translates	1
transformer	1
transfers	1
tranquilizer	1
trance	1
traits	1
trainwell	1
trainsppsit	1
trainingawesome	1
traing	1
trailers	1
tragedy	1
traditionally	1
traditional	1
trading	1
trademarks	1
traded	1
tracts	1
tractable	1
tract	1
tracksthen	1
tra	1
tpyes	1
townshe	1
towns	1
towhether	1
towhale	1
tower	1
tow	1
tovkipp	1
touting	1
tournament	1
toupee	1
tounlock	1
toughyi	1
toughcomplicatedgameswho	1
toughand	1
touchpad	1
touchjust	1
tottally	1
tottall	1
tots	1
toto	1
tothis	1
tothe	1
tothanks	1
totem	1
totallylove	1
totalling	1
totalky	1
totaled	1
tot	1
tosweet	1
tossup	1
tospare	1
toshe	1
tortured	1
tortuous	1
torr	1
tornatoes	1
torment	1
tori	1
torestart	1
toreally	1
toproceed	1
topper	1
topnotch	1
topical	1
topay	1
tooyoung	1
tooyeahwill	1
toowould	1
tooworks	1
toowell	1
toowe	1
tootry	1
tootle	1
toothyou	1
toothis	1
toothfairy	1
toothbrush	1
toothat	1
toothank	1
tooteaches	1
toosome	1
tooquot	1
tooprice	1
toooverall	1
tooootally	1
toooooooo	1
tooooooo	1
toooooo	1
toonot	1
tooned	1
toone	1
toon	1
toomuch	1
toolt3	1
toolsnbspto	1
tools34	1
toollife	1
toojust	1
tooive	1
tooin	1
tooim	1
tooi	1
toohaha	1
toogreat	1
toogets	1
toofun	1
toodont	1
toocoolforyouquot	1
toocome	1
tooasinb00g1w9o58	1
tooand	1
too34	1
tony	1
tonrelax	1
tonot	1
tongue	1
tong	1
toneyou	1
tones	1
tone	1
tomyown	1
tomorrowwell	1
tomorrowgreat	1
tommy	1
tomake	1
tolove	1
tollgate	1
toll	1
tolerated	1
tolerate	1
toler	1
tokyo	1
tokensthat	1
tokensgood	1
tokeepbuying	1
toke	1
tojust	1
toits	1
toit	1
toim	1
toiling	1
toi	1
tohave	1
togreat	1
togo	1
toggle	1
togetherthey	1
togetherthanks	1
togetheritsa	1
togetheri	1
togetherhe	1
togethergreat	1
togeather	1
tofrom	1
tofind	1
tofigure	1
toesi	1
toesgood	1
toesand	1
toenails	1
todislike	1
todayyou	1
todayon	1
todaylove	1
todayfriday	1
todate	1
toconcentratesome	1
tobeat	1
tobago	1
tobacco	1
toatally	1
toast	1
toand	1
toaccording	1
to34s	1
to34buy34	1
to30	1
to199	1
tnx	1
tnose	1
tme	1
tm	1
tlme	1
tjr	1
tjis	1
tjf	1
tjen	1
tje	1
titlethis	1
tithe	1
tit	1
tiredyou	1
tiptop	1
tiniest	1
tine	1
timw	1
timfe	1
timeyoure	1
timeworth	1
timewhy	1
timewe	1
timewatch	1
timewasting	1
timewarningstart	1
timeuntil	1
timetoo	1
timeto	1
timethird	1
timethey	1
timethen	1
timetable	1
timeswould	1
timesuper	1
timesucker	1
timesuck	1
timestuck	1
timespat	1
timeslows	1
timeslove	1
timeslike	1
timesjust	1
timesjim	1
timesits	1
timesit	1
timesink	1
timesif	1
timeshouldnt	1
timeshe	1
timesfun	1
timesfor	1
timeseth	1
timesespecially	1
timeseasy	1
timesdont	1
timesas	1
timesanyone	1
timesalways	1
timesalthough	1
timesa	1
timersometimes	1
timersbombs	1
timeror	1
timerelated	1
timereallyi	1
timereally	1
timerbecause	1
timeplaying	1
timeplay	1
timepasser	1
timeowl	1
timeoutsthis	1
timeotherwise	1
timeonly	1
timeonce	1
timeon	1
timeokay	1
timeof	1
timenumber	1
timengood	1
timemoves	1
timemore	1
timemoneyeffort	1
timemaybe	1
timem	1
timelots	1
timelolbut	1
timelol	1
timeline	1
timelimited	1
timelife	1
timelag	1
timel	1
timekilling	1
timejudyatlanta	1
timejo	1
timehope	1
timeheres	1
timehaha	1
timegreat	1
timegot	1
timegives	1
timegive	1
timeget	1
timegaining	1
timefunny	1
timefun	1
timefriends	1
timeframe	1
timeeveryone	1
timeeveryday	1
timeeth	1
timeespecially	1
timedoing	1
timecomes	1
timeclear	1
timechallenging	1
timebest	1
timebased	1
timeas	1
timeallthough	1
timeafter	1
timeaddictive	1
timea	1
time60	1
time4	1
timber	1
tileswapping	1
tilematching	1
tike	1
tihs	1
tighten	1
ties	1
tidythingsup	1
tidy	1
tiddle	1
tidbit	1
ticketsorlink	1
ticketsits	1
tibia	1
tias	1
thwarted	1
thwart	1
thunk	1
thunder	1
thums	1
thumbscan	1
thuggish	1
thug	1
thtn	1
ththough	1
thsn	1
thsi	1
thrownin	1
throuhhfun	1
throuh	1
throughwhatever	1
throughvery	1
throughthe	1
throught	1
throughin	1
throughi	1
througheasy	1
throu	1
thrives	1
thrifty	1
threeyes	1
threeyear	1
threestar	1
threequot	1
threelevels	1
threelet	1
threeinarow	1
threeamp34	1
threatens	1
threatening	1
threat	1
thre	1
thousandfifty	1
thouht	1
thougth	1
thoughwhy	1
thoughwhich	1
thoughtthis	1
thoughtsure	1
thoughtpatienceand	1
thoughtout	1
thoughtof	1
thoughtits	1
thoughthrough	1
thoughthohumnow	1
thoughthis	1
thoughthere	1
thoughtfor	1
thoughso	1
thoughother	1
thoughmiddot	1
thoughmaybe	1
thoughlove	1
thoughking	1
thoughjackie	1
thoughive	1
thoughhahaha	1
thoughbecause	1
though1	1
thos	1
thoroughlythanks	1
thoroughlyl	1
thorough	1
thornton	1
thoi	1
thoght	1
thnking	1
thnd	1
thm	1
thiz	1
thisvthe	1
thisvijayan	1
thisvery	1
thisu	1
thisthis	1
thisth	1
thisso	1
thisreview	1
thisplease	1
thismy	1
thisloltks	1
thisits	1
thisit	1
thishave	1
thisgreat	1
thiseveryone	1
thisdarn	1
thisd	1
thiscant	1
thiscan	1
thisbeing	1
thisapp	1
thisamp	1
thirtythree	1
thirtys	1
thirties	1
thirdparty	1
thinning	1
thinly	1
thinkwill	1
thinkthis	1
thinkreal	1
thinkonly	1
thinkingthe	1
thinkingnow	1
thinkingmakes	1
thinkinglove	1
thinkingconstraint	1
thinkin	1
thinkhmmmm	1
thinkbtw	1
thinkand	1
thinhg	1
thingythat	1
thingyou	1
thingthat	1
thingswell	1
thingsthere	1
thingsthats	1
thingstalking	1
thingso	1
thingsmore	1
thingsif	1
thingsi	1
thingsdoesnt	1
thingsbut	1
thingrighti	1
thingplease	1
thingmy	1
thingmary	1
thingit	1
thingif	1
thingies	1
thingi	1
thingget	1
thingers	1
thingbottom	1
thinga	1
thing34	1
thimg	1
thilman	1
thieving	1
thieve	1
thief	1
thie	1
thick	1
thi	1
thhoughtful	1
theyquotd	1
theymade	1
theyletme	1
theworld	1
thevpoints	1
theseplease	1
theropy	1
therewish	1
therevery	1
thereu	1
theretoo	1
thereseven	1
therese	1
therepy	1
thered	1
therechanges	1
thereand	1
thereabouts	1
there34	1
thequotfunquot	1
thequests	1
theoretical	1
theobstacle	1
theo	1
thenyou	1
thenthey	1
thensixyearold	1
themwish	1
themupdate	1
themto	1
themtheres	1
themthere	1
themthat	1
themtakes	1
themreally	1
themnot	1
themmore	1
themlove	1
themlol	1
themkindle	1
themkim	1
themit	1
themhow	1
themgoogle	1
themeyou	1
themethere	1
themenjoy	1
themeither	1
themaze	1
them7	1
them34	1
them010	1
thel	1
theives	1
theios	1
theinteractive	1
theft	1
thefirst	1
theese	1
theeasy	1
thecomputer	1
thecommuter	1
thecolor	1
theboard	1
theatrical	1
theamp34owlamp34	1
the5	1
the34	1
thc	1
thay	1
thatyou	1
thatwill	1
thatthis	1
thatsits	1
thatshe	1
thatquot	1
thatplus	1
thatplease	1
thatone	1
thatoh	1
thatmost	1
thatmazo	1
thatlove	1
thatim	1
thathours	1
thatfun	1
thatd	1
thatanyone	1
thatall	1
that34	1
thas	1
thar	1
thanwell	1
thansubway	1
thans	1
thanone	1
thanmost	1
thankyoui	1
thanku	1
thankspost	1
thanksnandizu	1
thanksmaddi	1
thankskeeps	1
thanksit	1
thanksgalaxy	1
thanksbamajim58	1
thanksal	1
thankgoodness	1
thaf	1
tgis	1
tghe	1
tgames	1
texts	1
tetrus	1
tetrrus	1
tetrislike	1
tetriscandy	1
tetris34	1
tet	1
testingtrying	1
testers	1
tester	1
terrouble	1
terrifying	1
terrificthemusic	1
terribull	1
terribleneeds	1
terriable	1
termsfirst	1
terminology	1
terminal	1
tere	1
tention	1
tenth	1
tensions	1
tensiondistraction	1
tens	1
tennis	1
tendonitis	1
tender	1
tendency	1
tendancies	1
tenacity	1
temporarily	1
templates	1
temped	1
tem	1
tellamarketers	1
televisionbut	1
teleconferences	1
teir	1
teeny	1
tedium	1
teddy	1
techy	1
techs	1
technicians	1
techies	1
teaseyou	1
teases	1
teaserleave	1
teasergive	1
teaselet	1
teared	1
teamsfriends	1
teams	1
teamcandycrush	1
td	1
tchecirc	1
tchaikovsky	1
tbought	1
tbjs	1
tbh	1
taylor	1
taxes	1
tawana	1
taurus	1
taunting	1
tattoo	1
tats	1
tatoo	1
tatic	1
tastyps	1
tastes	1
taskscan	1
tarts	1
tarted	1
tarring	1
targetted	1
targeted	1
tardy	1
tar	1
tapto	1
taps	1
tapjoy	1
taping	1
tantrums	1
tantrum	1
tanks	1
tank	1
tan	1
tameenergetic	1
tamales	1
tall	1
talkingabout	1
talkg	1
talisman	1
tales	1
talents	1
tale	1
takss	1
takewhy	1
taketurns	1
takesthank	1
takers	1
taker	1
takemy	1
takeit	1
tak	1
tails	1
tailing	1
tail	1
tahs	1
taggedand	1
tada	1
tactive	1
tacticsim	1
tacticly	1
tactical	1
tactic	1
tactful	1
tacotaco	1
tackled	1
tac	1
tabloid	1
tabletthanks	1
tabletsvery	1
tabletsphones	1
tabletsjajales	1
tabletpc	1
tabletnbspversion	1
tabletcomputer	1
tabletbut	1
tabletbecause	1
tabletbased	1
tabletand	1
tables	1
tableau	1
tabet	1
tabeo	1
taband	1
t9play	1
syrup	1
syphon	1
syou	1
syndrome	1
syncplay	1
synchronizing	1
synchronizes	1
synchronize	1
synce	1
syncd	1
sydneys	1
syarted	1
sx	1
swype	1
swwwweeeeettttt	1
swweter	1
swome	1
switchsweeeeet	1
switchesyour	1
swishing	1
swish	1
swirling	1
swipethe	1
swipenow	1
swipei	1
swipedidnt	1
swiped	1
swimbait	1
swiftly	1
swifter	1
sweetyou	1
sweety	1
sweettreat	1
sweetthis	1
sweetthanks	1
sweetssthaithriller	1
sweetish	1
sweetie	1
sweethighly	1
sweetener	1
sweetdivinesugar	1
sweetcute	1
sweep	1
sweeeet	1
sweeeeet	1
sweeeeeet	1
sweeeeeeeetest	1
sweeeeeeeeeeet	1
sweeeeeeeeeeeeettttt	1
swedish	1
sweats	1
swears	1
swayed	1
sway	1
swaths	1
swapped	1
swaping	1
swapfor3	1
swampland	1
swallowed	1
svp	1
sveral	1
sven	1
suxupgrade	1
sux	1
suspiciously	1
suspicious	1
suspensions	1
suspend	1
suspected	1
susan	1
survival	1
surroundings	1
surrounded	1
surprizes	1
surprisingluly	1
surpised	1
surpassing	1
surmise	1
surgeryrecovery	1
surgeryi	1
surgeries	1
surfs	1
surfing	1
surfer	1
surfaces	1
surf	1
surewould	1
surefun	1
surechocolate	1
surebut	1
sups	1
suprisingly	1
suprise	1
supreme	1
suppsed	1
supprisingly	1
suppost	1
supportive	1
supplying	1
supplied	1
suposed	1
supervisor	1
supervision	1
supervise	1
superseids	1
superrrrrrrrrr	1
superquick	1
superlatives	1
superduoercalifragilistucexpialudisiius	1
superaddicted	1
sunset	1
sunny	1
sunglassesamusement	1
sumting	1
sumthin	1
summit	1
summing	1
summercant	1
summation	1
summaries	1
sulleytwlakesnet	1
suited	1
suitablecheck	1
suggestionshighly	1
suggestioncharge	1
suggestionanother	1
sugars	1
sugarlicious	1
sugarfree	1
sugarcrush	1
suffice	1
sueing	1
sudoko	1
suddenlya	1
suckswhy	1
suckstoo	1
sucksnow	1
sucksi	1
suckkkkkkk	1
suckish	1
sucki	1
suckering	1
sucker34	1
suckbrdbhdbxhxn	1
sucka	1
suck8	1
suchthen	1
suchkeep	1
sucess	1
suceed	1
succumbs	1
succumbing	1
succumbedand	1
successive	1
successfuland	1
successes	1
succesfully	1
succeedtry	1
subways	1
subtract	1
subtle	1
substitutethe	1
substitutes	1
substantial	1
substances	1
substance34	1
substance	1
subsidy	1
subsequently	1
subsequent	1
subs	1
subpar	1
submitting	1
submitted	1
subliminally	1
sublevels	1
subjects	1
subdued	1
subconsciously	1
subconscious	1
subaru	1
sub	1
stuttgart	1
sturdier	1
stupis	1
stupidthere	1
stupidone	1
stupidmaybe	1
stupiddownloaded	1
stup	1
stumbling	1
stuiped	1
stuffthey	1
stuffthe	1
stuffbut	1
stuffand	1
studyingor	1
studyingcalms	1
studios	1
studied	1
stuckwell	1
stuckthis	1
stuckthen	1
stuckso	1
stucks	1
stucki	1
stuckhonestly	1
stucked	1
stuckbut	1
stst	1
strpied	1
strongits	1
stronggreat	1
strongest	1
stronger	1
strongarms	1
strongarm	1
strokes	1
strobing	1
striving	1
stripey	1
stripestripe	1
stripesdislike	1
stringent	1
stretchy	1
stretches	1
stressor	1
stresslol	1
stresshelps	1
stressfulthe	1
stressfulthank	1
stressfree	1
stresschallenging	1
stresant	1
strengths	1
strengthens	1
strength	1
streets	1
street	1
stream	1
streaks	1
streaklollet	1
strawuninstalled	1
strawberry	1
stratitz	1
stratigy	1
stratigize	1
stratigies	1
stratgizing	1
stratgies	1
stratgey	1
stratergy	1
strategythe	1
strategyso	1
strategypuzzle	1
strategynot	1
strategylolgame	1
strategylevels	1
strategykr	1
strategyi	1
strategygreat	1
strategybut	1
strategy34	1
strategized	1
strategise	1
strategieswould	1
strategiesplay	1
strategical	1
strategery	1
strategerie	1
stranger	1
stragtitythinking	1
stragize	1
stragegy	1
stragedy	1
stradivarius	1
stp	1
storys	1
storyquot	1
storylines	1
storylinemust	1
storyboard	1
storyamp34	1
storming	1
storethank	1
storepurchase	1
storepun	1
storenow	1
storeif	1
storefrustratingly	1
stopyou	1
stopwont	1
stopunless	1
stopthose	1
stopthere	1
stopsuper	1
stopsthere	1
stopsome	1
stopso	1
stopsnot	1
stopquotthere	1
stoppers	1
stoppedit	1
stoppedi	1
stoppages	1
stopovers	1
stoponly	1
stopoh	1
stopneed	1
stoplove	1
stoploleth	1
stopkeeps	1
stopitacutes	1
stoping	1
stopin	1
stophighly	1
stophi	1
stopgreat	1
stopgets	1
stopgap	1
stopfixed	1
stopeven	1
stope	1
stopbeware	1
stopall	1
stopafter	1
stop34	1
stooping	1
stoners	1
stoned	1
stomach	1
stold	1
stol	1
stokedps	1
stockup	1
stipulation	1
stint	1
stinksdont	1
stinkin	1
stinker	1
stingy	1
sting	1
stimulators	1
stimulatingfun	1
stimulant	1
stillso	1
stillonthatlevel	1
stilllove	1
stiled	1
stiggers	1
stifle	1
sticksi	1
stews	1
steve	1
stepson	1
stepim	1
stemmalation	1
stella	1
steamy	1
steam	1
steadfast	1
stave	1
stationary	1
statements	1
statagy	1
stash	1
starvejust	1
starved	1
starvation	1
startup	1
startunless	1
starttt	1
startsadlove	1
startrd	1
startplaying	1
startover	1
startits	1
startim	1
starthat	1
startedyou	1
startedstuck	1
startedloving	1
startedi	1
startbseeing	1
startalk	1
starsyeah	1
starsthis	1
starsso	1
starsplz	1
starsno	1
starskeep	1
starsit	1
starsfor	1
starseveryone	1
starscant	1
starsbut	1
starsafter	1
starred	1
staronly	1
starone	1
starnow	1
starlike	1
starjust	1
starit	1
starif	1
staries	1
stari	1
stargame	1
starbucks	1
stank	1
standsno	1
standpoint	1
standby	1
standards	1
standalone	1
stallingfreezing	1
stall	1
stalk	1
staid	1
stags	1
stagewhat	1
stagesthe	1
stagelove	1
stagees	1
stafford	1
sstay	1
ssssssssssooooooooooooo	1
sssskdnxbndm	1
sspace	1
ssooooooo	1
ssoooo	1
ssome	1
ssga	1
srt	1
sreddy327yahoocom	1
sratagys	1
sqyares	1
squishy	1
squirrely	1
squashes	1
squash	1
spys	1
spurs	1
spur	1
sprout	1
sprinkly	1
spree	1
spray	1
spppooppooo	1
spouses	1
spouce	1
spotted	1
spotsbut	1
spotevery	1
sportswomen	1
sportsman	1
sponsored	1
spoilt	1
spoiling	1
spoiler	1
spoiled	1
splode	1
splitting	1
splices	1
splendid	1
spledid	1
splashed	1
spinthewheel	1
spins34	1
spinoff	1
spinny	1
spinningthey	1
spining	1
spinfreematch	1
spindoes	1
spindle	1
spindisapointing	1
spikes	1
spiderman	1
spicyaddictive	1
spice	1
spenti	1
spendvhours	1
spendso	1
spendingwhich	1
spendingreal	1
spendi	1
spend34	1
spen	1
spellso	1
spells	1
spelling	1
spelled	1
spellbound	1
spellbinding	1
speedy	1
speeding	1
speedier	1
speech	1
specify	1
specifics	1
specialized	1
specialbut	1
speared	1
spear	1
speakers	1
speaker	1
spazzed	1
spawn	1
sparse	1
sparks	1
sparkly	1
sparkles	1
spark	1
sparingly	1
sparewish	1
sparevery	1
sparetime	1
spanky	1
spank	1
spanish	1
spams	1
spammyfree	1
spamer	1
spades	1
spacial	1
spacei	1
spa	1
sp	1
soyou	1
soy	1
sowith	1
sow	1
sovereignty	1
souths	1
sourse	1
soured	1
sour	1
soundsthe	1
soundgraphicsa	1
sounder	1
soundbeware	1
soundand	1
soulthats	1
souls	1
soulit	1
sought	1
sotime	1
sot	1
sos	1
sortware	1
sorting	1
sorrystill	1
sorryquot	1
sorryi	1
sorrows	1
soreviewer	1
sores	1
sore	1
sor	1
soporific	1
sopopular	1
sopleased	1
soothingim	1
sooth	1
soooooooooooooooooooooooooooooooooooooooooooo	1
sooooooooooooooooooooooo	1
soooooooooooooooooooooo	1
sooooooooooooooooooooo	1
soooooooooooooooooooo	1
sooooooooooooooooo	1
soooooooooooooo	1
sooon	1
soonthis	1
soonover	1
soonotherwise	1
sooni	1
soongot	1
soonerlol	1
soonerim	1
soonand	1
sonwe	1
sonthank	1
sonkeeps	1
sonia	1
sonata	1
sonand	1
sometricky	1
sometimesthey	1
sometimesthat	1
sometimesstill	1
sometimessimply	1
sometimesit	1
sometimesbut	1
sometimesand	1
somethingwhen	1
somethingvery	1
somethingthen	1
somethingthe	1
somethingsomeone	1
somethingdo	1
somethingboosters	1
somethin	1
somethiing	1
somethan	1
somersaults	1
somepeople	1
someofthe	1
someof	1
someem	1
someare	1
somealways	1
somakes	1
solvingno	1
solvers	1
solver	1
solveable	1
solomonsamp34	1
solitaregave	1
solitaireand	1
soliloquy	1
solids	1
solidify	1
solidaire	1
soliciting	1
solicited	1
solicitationsand	1
solicitations	1
solicitation	1
soldgrammaporterll	1
solataire	1
solace	1
soim	1
sohurry	1
sohappy	1
soga	1
softwarehad	1
soft	1
soforget	1
sodelicious	1
sockets	1
socio	1
socialnetwork	1
socialmy	1
socializing	1
sociable	1
sobye	1
sobut	1
sobest	1
sobedtimes	1
sob	1
soavoid	1
soared	1
soap	1
soand	1
snyone	1
snuggled	1
snug	1
snowing	1
snoozer	1
snood	1
snippets	1
sniper	1
snf	1
sneaks	1
snatches	1
snarled	1
snaps	1
snapped	1
snakes	1
snails	1
snag	1
snacks	1
snacking	1
smushing	1
smth	1
smpen	1
smoothlyso	1
smoothif	1
smoklng	1
smokers	1
smithereens	1
smiled	1
smidgen	1
sme	1
smashed	1
smartphonethe	1
smartphones	1
smartphoneit	1
smartphonebut	1
smartph	1
smartly	1
smarties	1
smalllol	1
smallgreat	1
smallest	1
smalland	1
smacking	1
slumber	1
slowness	1
slowcant	1
slotsplease	1
sloths	1
sloppy	1
slog	1
slimmer	1
slim	1
slightest	1
slider	1
slid	1
slick	1
slices	1
slicer	1
slerped	1
sleeve	1
sleepthis	1
sleepsometimes	1
sleepplease	1
sleeporyou	1
sleeplol	1
sleepgoodnight	1
sleazy	1
slayer	1
slaves	1
slash	1
slaps	1
slapping	1
slapped	1
slammed	1
slacking	1
slacker	1
skyrockets	1
skyrim	1
sky	1
skit	1
skipthis	1
skipthe	1
skiped	1
skipbecause	1
skins	1
skinnerian	1
skillsty	1
skillsnidyaryahoo	1
skillsi	1
skillsfrom	1
skillsdefinitely	1
skillbetter	1
skewed	1
skew	1
sketchy	1
sketchbook	1
skeptically	1
skeep	1
skate	1
sjsjdjdjdj	1
sjfkdjakflssjflajd	1
sjbsbx	1
sized	1
sizeable	1
sixty	1
situationplayers	1
sittingso	1
sittin	1
sitter	1
sitein	1
sitand	1
sistets	1
sisteroh	1
sisterinlaws	1
sista	1
sint	1
singular	1
singleplayer	1
sine	1
sincs	1
sincronuzed	1
sincequot	1
sinceinteresting	1
sinceeven	1
sin	1
simultaneouslyyou	1
simultaneously	1
simultaneous	1
simulation	1
simulating	1
simulacra	1
simpson	1
simps	1
simplest	1
simplemechanism	1
simpleits	1
simplei	1
simplebut	1
simmons	1
similarly	1
similarity	1
sim	1
silver	1
silt	1
silo	1
sillinessit	1
silliness	1
silliest	1
silhouettes	1
silences	1
silenced	1
silence	1
sikya	1
siked	1
signwhat	1
signifyfree	1
significantly	1
sights	1
sighs	1
sighbut	1
sierra	1
sientes	1
sidney	1
sideupdate	1
sidekick	1
sideits	1
sidegame	1
side34	1
sid	1
sickreally	1
sickit	1
sickeningly	1
sickening	1
shy	1
shutout	1
shutoff	1
shutdowns	1
shunned	1
shud	1
shsjdjdjdj	1
shs	1
shrugged	1
shred	1
showtell	1
showsmore	1
showpicture	1
showamp34	1
shovelware	1
shovel	1
shove	1
shoutout	1
shoun	1
shouldneed	1
shouldne	1
shouldbe	1
shoulda	1
shotsahead	1
shortunless	1
shorttoo	1
shortsighted	1
shortlives	1
shortim	1
shortest	1
shortening	1
shortcutshints	1
shortage	1
shores	1
shopit	1
shooters	1
shooter	1
shoikd	1
shoes	1
shocker	1
sho	1
shld	1
shirley	1
shipper	1
ship	1
shining	1
shimmer	1
shilling	1
shifted	1
shiexclt	1
shied	1
shhhh	1
shhh	1
sheriff	1
shelter	1
sheet	1
shedmindy	1
shed	1
shear	1
shave	1
shattered	1
sharpthis	1
sharppuzzle	1
sharpmakes	1
sharplol	1
sharpits	1
sharpi	1
sharpgreat	1
sharpened	1
sharonswgsgirl	1
sharon	1
shareholders	1
shapedo	1
shamelssly	1
shamefully	1
shamed	1
shamanism	1
sham	1
shakes	1
shakedown	1
shair	1
shades	1
shade	1
shabby	1
sh	1
sge	1
sgain	1
sg3	1
sfx	1
sexist	1
sexeather	1
seventies	1
setups	1
settling	1
settled	1
settingmood	1
setneither	1
seth1234567890	1
setbacks	1
seses	1
sesame	1
servsl	1
serviceya	1
servicei	1
serviced	1
servantsetc	1
serval	1
seriouslywhere	1
seriouslythis	1
seriouslygo	1
serenity	1
sequels	1
sequeljust	1
sequance	1
separating	1
separated	1
sensory	1
sensors	1
sensitive	1
sensenow	1
sensedownload	1
sensealso	1
sense4	1
sensations	1
sensational	1
senoirs	1
sendyou	1
sendsation	1
sendreceive	1
sendi	1
sender	1
senarios	1
semihidden	1
semester	1
semes	1
selves	1
sellers	1
selfwelcome	1
selfstress	1
selfsatisfactionwith	1
selfs	1
selfproclaimed	1
selfno	1
selflimiting	1
selfishly	1
selfintervene	1
selfie	1
selfdisciplined	1
selfdiscipline	1
selfcontrolsuper	1
selfcontrol	1
selene	1
selector	1
selective	1
selections	1
seizure	1
segway	1
seequot	1
seeother	1
seencheck	1
seena	1
seemto	1
seemly	1
seemlessly	1
seekyself	1
seek	1
seeit	1
seeen	1
seee	1
seductions	1
seduced	1
sedentary	1
secure	1
sector	1
sectionslevels	1
sectionlevel	1
sectionbut	1
sect	1
secrets	1
secretits	1
secondly	1
secondhand	1
secondary	1
seati	1
seasons	1
searches	1
searchable	1
seances	1
sealing	1
sea34	1
sdddicting	1
sczfnnsfsnfsnhfssnfnfsffnsfsnfsnsfnnzfzncz	1
scuttled	1
scrumptious	1
scrolling	1
scrolled	1
script	1
screwdriver	1
screenthis	1
screensonly	1
screenive	1
screena	1
screeming	1
screamyou	1
screams	1
screamiexcl	1
screamer	1
scratcher	1
scratchbut	1
scrap	1
scrabblei	1
scrabble	1
scout	1
scotts	1
scoreu	1
scorethats	1
scoresnot	1
scoresi	1
scoresand	1
scorereally	1
scorenooooo	1
scorecant	1
scorebut	1
score5	1
scope	1
sclerosis	1
scintillating	1
scientologist	1
scientist	1
scientifically	1
scientific	1
science	1
schoolreally	1
schoolmy	1
schoolage	1
schmucks	1
schemebut	1
scheduled	1
scetchy	1
scents	1
scenario	1
scattergories	1
scatter	1
scarry	1
scarf	1
scareswhen	1
scares	1
scanning	1
scandal	1
scamused	1
scams	1
scamquot	1
scamprevent	1
scamp	1
scammers	1
scamif	1
scamfree	1
scamdont	1
saythis	1
saysweet	1
saysvery	1
says34you	1
sayok	1
saynew	1
saylike	1
sayingtoo	1
sayingi	1
sayin	1
sayim	1
saygreat	1
saygotta	1
saybut	1
say34just	1
savor	1
savannah	1
savagetimed	1
satisfyingrecommended	1
satisfyingquot	1
satisfactionenough	1
satiated	1
satellite	1
satanic	1
satan	1
sastifecho	1
sassy	1
sass	1
sarted	1
sarcastic	1
sarcasmi	1
sapped	1
santa	1
sanitorium	1
sanitized	1
sandy	1
sandra	1
sand	1
san	1
samurai	1
samson	1
samples	1
sammy	1
sameoptions	1
samedissatisfied	1
samebut	1
sameapple	1
salsalp	1
salaries	1
saith	1
sailor	1
sail	1
saidthis	1
saidim	1
sags	1
sago	1
sagga	1
sagawhat	1
sagathis	1
sagathe	1
sagathat	1
sagathanks	1
sagatapped	1
sagastarted	1
sagaspet	1
sagashe	1
sagalol	1
sagaliked	1
sagalevel	1
sagaive	1
sagais	1
sagainteresting	1
sagaepic	1
sagacopy	1
sagaand	1
sagaalot	1
saga34on	1
safelol	1
safari	1
sadplus	1
sadness	1
sadistic	1
sadi	1
saddens	1
sacrificed	1
sacrifice	1
sackgtstampylongnose	1
sac	1
sa	1
s4not	1
s2	1
ryba	1
rx	1
ruzzle	1
rusty	1
russian	1
russ	1
rushthe	1
rushes	1
rural	1
runwhy	1
runso	1
runningout	1
runningi	1
runmrover	1
run2	1
rumor	1
rulz	1
rulet	1
rulespokemon	1
rulespeace	1
rulesof	1
rulesfriends	1
rulesbut	1
rulebook	1
ruiningly	1
ruiner	1
rugged	1
rug	1
rubik	1
rthis	1
rrscue	1
rrestore	1
rreally	1
rpg	1
royalgames	1
rox	1
rowthis	1
rowquot	1
rowi	1
rowhope	1
row4	1
row34	1
roundskeep	1
roundquot	1
roundit	1
roundgoing	1
roundbut	1
roundamp34	1
roughly	1
rotting	1
rots	1
rotation	1
rotating	1
rosemarie	1
rory	1
rooter	1
roomsrecommendaddicting	1
roombut	1
roof	1
rollups	1
role	1
roku	1
rogers	1
roger	1
rocksso	1
rocksnot	1
rockin	1
rocket	1
rockes	1
rocked	1
rochelle	1
robson	1
robins	1
robin	1
robbing	1
robber	1
robbedlol	1
robbed	1
roast	1
roadtrips	1
roadtrip	1
roadblockif	1
ro	1
rnbud	1
rmevery	1
rly	1
rivet	1
riverlakeor	1
river	1
rivalrylol	1
rites	1
rissa	1
rises	1
risen	1
ripple	1
ripoffwhat	1
ripoffs	1
ripoffdo	1
riotmy	1
riot	1
ringing	1
ring	1
rimed	1
rime	1
rik	1
rihgt	1
rigid	1
rightyou	1
rightward	1
rightthree	1
rightits	1
rightit	1
righti	1
rightfully	1
righteasy	1
rightcorner	1
rightanyone	1
rightand	1
righjt	1
riggeg	1
riggedinvest	1
rifts	1
rididulous	1
ridiculoustry	1
ridiculousthe	1
ridiculousthat	1
ridiculousso	1
ridiculousnot	1
ridiculouslol	1
ridiculousim	1
ridiculousi	1
ridiculoushow	1
ridiculousabsolutely	1
ridicules	1
ridicoulously	1
ridefun	1
ridebut	1
riddled	1
ridding	1
rickman	1
richness	1
richard	1
rhythm	1
rhree	1
rhodes	1
rhe	1
rggcfyhg	1
reyes	1
rexmceived	1
rexec	1
reworked	1
rewardsvery	1
rewardsquot	1
rewardsmy	1
rewardsaddicting	1
rewardquot	1
rewardand	1
revommend	1
revolves	1
revolutionary	1
revolution	1
reviving	1
revives	1
revived	1
revitalize	1
revisited	1
revisit	1
revising	1
revised	1
reviewsreally	1
reviewso	1
reviewsif	1
reviewsfree	1
reviewits	1
reviewhalf	1
reviewasap	1
reverts	1
reverting	1
reverted	1
reverse	1
revenues	1
revenge	1
revamp	1
returnclearing	1
retrysfun	1
retroactive	1
retrieved	1
retreats	1
retrain	1
retool	1
retiring	1
retirees	1
retiree	1
retiredif	1
retire	1
retinopathy	1
rethinking	1
retailed	1
resurme	1
resttotally	1
restroom	1
restricting	1
restricitons	1
restraints	1
restraintall	1
restraint	1
restoring	1
restoration	1
rested	1
restartquot	1
restartmakes	1
responsiveness	1
responsiblylol	1
responseeverything	1
respite	1
respectable	1
resp	1
resource	1
resorting	1
resorted	1
resonates	1
resolutions	1
resolute	1
resn	1
reskinned	1
resistsadly	1
resistant	1
resinced	1
resigned	1
resignation	1
residing	1
resides	1
reshuffled	1
reservation	1
resend	1
resembled	1
reseller	1
researched	1
rescueits	1
rescuei	1
rescued	1
reschedule	1
resale	1
reregister	1
rerate	1
requisite	1
requiredwhat	1
requiredto	1
requiredonly	1
requiredlots	1
requiredhow	1
requies	1
requiera	1
requestsquotfirst	1
requestsmy	1
requestsheres	1
requestsbleh	1
reqeust	1
reputed	1
reputations	1
reproduce	1
reprehensible	1
repossessed	1
reporting	1
reporter	1
replyi	1
replinish	1
replenishment	1
replenishing	1
replayability	1
replacing	1
replaces	1
repitition	1
repetive	1
repetitive4	1
repetitionsdont	1
repetitions	1
repetition	1
repeatedlycheats	1
repeatability	1
repaying	1
rep0401comcastnet	1
reorganize	1
reopening	1
reopenfrustrated	1
reopenedthank	1
reopened	1
rendershe	1
rendering	1
rendered	1
renamed	1
removes	1
remover	1
remotely	1
remnants	1
remembergo	1
remembered	1
remedy	1
remarks	1
remarkably	1
remarkable	1
remark	1
remake	1
relog	1
reloadlook	1
rellay	1
relives	1
reliver	1
relived	1
relish	1
religous	1
religions	1
relieverwe	1
relievers	1
relieveronce	1
reliefive	1
reliefalso	1
relied	1
reliability	1
releavingabsolutely	1
releasestrategy	1
releaser	1
relearn	1
relays	1
relay	1
relaxtry	1
relaxtion	1
relaxsation	1
relaxmy	1
relaxlove	1
relaxingwhat	1
relaxingset	1
relaxinglove	1
relaxinggive	1
relaxingespecially	1
relaxeven	1
relationshipim	1
relased	1
relapses	1
relapse	1
rekodex	1
rejuvnate	1
rejoin	1
rejillas	1
rejected	1
reinvents	1
reinvented	1
reinstalls	1
reinstallingno	1
reinstalli	1
reined	1
reign	1
rehooked	1
rehabwonder	1
rehabs	1
rehablove	1
rehabilitationi	1
rehabilatation	1
rehabcant	1
reguiredmind	1
reguireda	1
reguardless	1
regretting	1
regretted	1
regreat	1
registrationrecently	1
region	1
regianaration	1
reggae	1
regent	1
regenerationeven	1
regenerationespecially	1
regenerates	1
regard	1
regaining	1
regained	1
refundstay	1
refunds	1
refunding	1
refuel	1
refreshingly	1
refreashed	1
refrained	1
refrain	1
refoclous	1
reflux	1
reflex	1
reflects	1
referring	1
referral	1
references	1
reexamine	1
reequire	1
reels	1
reeled	1
reeks	1
reeeeally	1
reeally	1
redown	1
redoubt	1
redonloded	1
rediculice	1
redicous	1
redicoulouse	1
redhead	1
redgreen	1
redemption	1
redeems	1
redeemed	1
redeemable	1
reddy	1
recv	1
recuse	1
recurring	1
recues	1
rectify	1
rectified	1
recremend	1
recreation	1
recovers	1
recovered	1
recourse	1
recouping	1
recouperating	1
records	1
recoomend	1
reconsider	1
reconnected	1
recomment	1
recommennd	1
recommendthis	1
recommendso	1
recommendplay	1
recommendonly	1
recommendit	1
recommendedyay	1
recommendand	1
recomindation	1
recomienda	1
recomemd	1
recognise	1
recntly	1
reclined	1
recklessly	1
recking	1
recipient	1
recieving	1
recieves	1
recieve	1
rechargenever	1
recentlyand	1
receipt	1
reccommended	1
reccommed	1
reccomendedjust	1
recare	1
recap	1
recamend	1
rebel	1
rebecca	1
reather	1
reat	1
reasonsthe	1
reasonsfirst	1
reasoni	1
reasoncandy	1
rearranged	1
reaping	1
reap	1
realvery	1
realmoney	1
reallywait	1
reallyneeds	1
reallyi	1
reallyhelps	1
reallygoodbuthasflaws	1
reallyfun	1
reallycome	1
reallychallenge	1
reallybut	1
really20	1
reallt	1
realllllllyyyyyy	1
realities	1
realhe	1
readyreadyreadyplease	1
readyno	1
readthe	1
readok	1
readers	1
reactivity	1
reactive	1
reactions	1
reacommend	1
reachfor	1
reaaaally	1
rcv	1
rcpdct	1
rch	1
razr	1
rays	1
raveand	1
rattling	1
rationed	1
ratio	1
ratingalso	1
rater	1
rateing	1
rateglad	1
ratedwe	1
ratchet	1
rat	1
rarein	1
raquoto	1
raquo	1
rapping	1
rapists	1
rape	1
rap	1
rankingget	1
ranging	1
ranges	1
ramps	1
ramping	1
ramped	1
ram	1
ralph	1
rakes	1
raked	1
rake	1
raising	1
raises	1
rains	1
raining	1
rain	1
railroad	1
raging	1
ragged	1
ragetoo	1
raged	1
rag	1
rafters	1
rae	1
radical	1
racquet	1
racoon	1
rackingbut	1
rackety	1
rachel	1
racetrack	1
races	1
raccoon	1
rabbits	1
rabbit	1
r3g	1
qwerty	1
qvqn	1
quotyes	1
quotworkedquot	1
quotwhen	1
quotwheel	1
quotwhateverquot	1
quotwastequot	1
quotwait	1
quotvalue	1
quotuploadquot	1
quotunlock	1
quotunlimited	1
quotundoquot	1
quotundo	1
quotunder	1
quotunconquerablequot	1
quotun	1
quottriple	1
quottoo	1
quotto	1
quotthis	1
quottheirquot	1
quotthats	1
quotthank	1
quotteamquot	1
quottastyquot	1
quotsweettoothquot	1
quotsure	1
quotsugar	1
quotstorequot	1
quotstopquot	1
quotstarburstquot	1
quotstagesquot	1
quotspruced	1
quotspin	1
quotspecial	1
quotsparequot	1
quotspare	1
quotspamquot	1
quotsoda	1
quotskip	1
quotskillquot	1
quotset	1
quotsend	1
quotscreenshotsquot	1
quotsaga	1
quotrun	1
quotrulesquot	1
quotriggedquot	1
quotrewardsquot	1
quotreplay	1
quotrealmsquot	1
quotrate	1
quotrandomquot	1
quotrandom	1
quotrainquotgood	1
quotquotive	1
quotquicklyquot	1
quotquestquot	1
quotquesting	1
quotpurchasequot	1
quotpunishmentquot	1
quotproblemsquot	1
quotprivilegequot	1
quotpremiumquot	1
quotpower	1
quotplotquot	1
quotplease	1
quotplayedquot	1
quotplay	1
quotpaytowinquot	1
quotpassquot	1
quotownerquot	1
quotowlquotzone	1
quotout	1
quotothersquot	1
quotor	1
quotoptions	1
quotolderquot	1
quotohwellquot	1
quotofficialquot	1
quotodusquot	1
quotodisquot	1
quotnew	1
quotmystery	1
quotmy	1
quotmust	1
quotmusicquot	1
quotmovequot	1
quotmove	1
quotmore	1
quotmom	1
quotminty	1
quotmindquot	1
quotmindless	1
quotmequot	1
quotme	1
quotmathquot	1
quotmatchthreequot	1
quotmakequot	1
quotmailquot	1
quotlove	1
quotlivesquotquot	1
quotlevelquot	1
quotlevel	1
quotletsquot	1
quotlet	1
quotkingquotof	1
quotjellyquot	1
quotits	1
quotit	1
quotinnapp	1
quotinfoquot	1
quothow	1
quothookedquot	1
quothmm	1
quothighly	1
quothiddenquot	1
quothey	1
quothelpersquot	1
quotheartsquot	1
quotgood	1
quotgivequot	1
quotgiftsquot	1
quotgifts	1
quotgiftedquot	1
quotgamequot	1
quotfriends	1
quotfreetoplayquot	1
quotfreetoplay	1
quotfreequotwas	1
quotfreequotgameits	1
quotfreemiumquot	1
quotfreelyquot	1
quotfreebiesquot	1
quotflip	1
quotfight	1
quotfarm	1
quotextrasquotcan	1
quotextraquot	1
quotexstravagentquot	1
quotexplosivequot	1
quotevolvedquotand	1
quotespecially	1
quotescapequot	1
quotendingquot	1
quotearn	1
quotdreamlandquot	1
quotdownquot	1
quotdo	1
quotdamnnnn	1
quotdamn	1
quotcursesquot	1
quotcurrently	1
quotcrushing	1
quotcrushesquot	1
quotcrush	1
quotcrossingquot	1
quotconnectquot	1
quotcome	1
quotclickingquot	1
quotclearing	1
quotclaiming	1
quotcheck	1
quotcheats	1
quotchallengesquot	1
quotcause	1
quotcasual	1
quotcandiesquot	1
quotbuy	1
quotbreaksquot	1
quotbreakquot	1
quotbreak	1
quotborequot	1
quotbooyahquotits	1
quotboosters	1
quotboob	1
quotbiggerquot	1
quotbeatquot	1
quotbad	1
quotawesomequot	1
quotask	1
quotamazon	1
quotalmost	1
quotadvancequot	1
quotaddictedquot	1
quot5	1
quot400	1
quot3	1
quot20	1
quo	1
qulck	1
quiz	1
quittingvery	1
quitthe	1
quitters	1
quitsfor	1
quitnot	1
quitit	1
quiting	1
quiti	1
quiter	1
quited	1
quitebeen	1
quitchallenging	1
quirkslove	1
quilt	1
quicky	1
quickonce	1
quickness	1
quicklyworks	1
quicklyunless	1
quicklythis	1
quicklyrecommend	1
quicklyon	1
quicklykathy	1
quicklydeleting	1
quickkeeps	1
quickie	1
quickest	1
quickerthe	1
quickerlove	1
quibble	1
quiality	1
questthen	1
queststhat	1
queststakes	1
questsin	1
questsglad	1
questsdays	1
questsbut	1
questoh	1
questioning	1
questioned	1
questionable	1
questhow	1
questall	1
quess	1
quarters	1
quarter	1
quantum	1
qualifications	1
quads	1
qqsaawwwq	1
qqnlbbnblbb	1
qits	1
qbqpvbvq	1
q5	1
q10pls	1
pzazz	1
pythagorean	1
pymt	1
pwople	1
pw	1
puzzll	1
puzzlingcant	1
puzzlestime	1
puzzlesolving	1
puzzlesmindless	1
puzzleslevels	1
puzzlesit	1
puzzlesif	1
puzzlesgreat	1
puzzlesequence	1
puzzlesdont	1
puzzlesbut	1
puzzlesbookscoin	1
puzzlerit	1
puzzleproblem	1
puzzlematch	1
puzzlefun	1
puzzel	1
puzxle	1
puzle	1
puuulleeease	1
pushers	1
pursuit	1
purses	1
purposes	1
purposefully	1
purityi	1
purist	1
purge	1
purchices	1
purchested	1
purches	1
purchasingquot	1
purchasing34thank	1
purchasewhich	1
purchasesyou	1
purchaseswhich	1
purchaseswas	1
purchasesonly	1
purchasesi	1
purchasesbut	1
purchases34	1
purchaseon	1
purchasenot	1
purchasecould	1
purchasebut	1
purchas	1
pur	1
puppets	1
puppetry	1
pup	1
puny	1
puns	1
punkass	1
punishing	1
punishes	1
pumps	1
pulse	1
pulsating	1
puhlease	1
puffs	1
puff	1
puchase	1
publishing	1
publishers	1
publisher	1
pts	1
pt	1
psyched	1
psyche	1
pswatch	1
psssing	1
pso	1
psbest	1
ps4	1
pry	1
prtty	1
prteey	1
prrvails	1
prpperly	1
prozac	1
proximity	1
provokes	1
provoked	1
provision	1
proverbial	1
prov	1
prouty	1
proudly	1
prouct	1
protector	1
protective	1
prosses	1
pross	1
proprietary	1
proportioned	1
proplay	1
prophesied	1
property	1
properties	1
proof	1
prompters	1
promotional	1
promoting	1
promoted	1
promesed	1
prolongs	1
prolonged	1
prollya	1
proliferation	1
proit	1
prohibiting	1
prohibit	1
progrssthats	1
progressthank	1
progressivly	1
progressits	1
progressions	1
progressgreat	1
progressbeware	1
progree	1
programsits	1
programmedamazing	1
programgame	1
profileinfo	1
proffit	1
profession	1
proentertainingconsome	1
producto	1
productiveor	1
productitem	1
produces	1
produced	1
producecompared	1
prodding	1
processors	1
processesif	1
proceedwould	1
proceedscandy	1
procedure	1
proc	1
probley	1
problemtotally	1
problemsometimes	1
problemsolved	1
problemsbut	1
problemsbugs	1
problemsapprockcant	1
problemsa	1
problemnothing	1
problemits	1
problemim	1
problemhopefully	1
problemget	1
problemcandy	1
problemcable	1
problematic	1
problemaddicting	1
problem34	1
proble	1
probl	1
probes	1
probate	1
probally	1
probablybspend	1
probability	1
prizze	1
prizewheel	1
prizefighter	1
privledge	1
priveldges	1
privately	1
printable	1
primarily	1
priest	1
prieacute	1
pricy	1
priceoh	1
priceless	1
pricei	1
pricehours	1
priceed	1
preys	1
preying	1
previouslyexisting	1
previoulsy	1
prevention	1
preventing	1
prevails	1
prevailed	1
prettily	1
preteen	1
pressuring	1
pressures	1
pressureon	1
presses	1
preset	1
presentswaiting	1
presentation	1
preschoolers	1
prequel	1
preparing	1
preparedits	1
prepair	1
prepaid	1
preoccupy	1
preloaded	1
prek	1
preinstalled	1
prego	1
pregnate	1
pregnant	1
pregame	1
preformed	1
prefers	1
preferences	1
prefer5	1
preface	1
predicts	1
predictions	1
prediction	1
predecessors	1
predators	1
precision	1
prayers	1
pray	1
praisesand	1
praises	1
practicslly	1
practicing	1
prablems	1
pps	1
ppm	1
pplz	1
pple	1
pphm	1
ppgg	1
powerupsquot	1
powerupskeeps	1
powerupsim	1
powerupsand	1
powerupd	1
powertothemax	1
powersquot	1
powersive	1
powerquot	1
pouring	1
pounded	1
pounce	1
pouch	1
pots	1
pothetic	1
potheads	1
potatpchip	1
potatoes	1
potatoe	1
postthird	1
postthank	1
postings	1
posti	1
poster	1
possiblethis	1
possiblei	1
possiblehappy	1
posse	1
poss	1
positivly	1
positiveits	1
posing	1
pos	1
ports	1
portrait	1
porterfield	1
ported	1
portals	1
portablea	1
porn	1
porcupine	1
porch	1
porcelain	1
popupsl	1
population	1
populate	1
popularjanepurrsbcglobal	1
popularitywhat	1
popularitysocial	1
populara	1
poppups	1
poppit	1
poppa	1
poperely	1
popcorn	1
popcap	1
poorer	1
pooram	1
pooped	1
poopdgfhdhdhx	1
poolthe	1
pooled	1
poofgone	1
poof	1
ponying	1
ponse	1
poney	1
pomegranate	1
polyp	1
polka	1
politics	1
political	1
politely	1
polio	1
pole	1
polaroid	1
polar	1
poking	1
pokersimpleas	1
poke	1
poisonwhat	1
poised	1
pointwaiting	1
pointsthe	1
pointss	1
pointsmy	1
pointsmove	1
pointsits	1
pointsi	1
pointsgood	1
pointsgemsgold	1
pointsfor	1
pointsdisappointed	1
points34	1
points2most	1
pointi	1
poi	1
pogos	1
pogocom	1
pmt	1
plzzzzzzz	1
pluswho	1
plusups	1
plusplaying	1
plusmn	1
plunked	1
plummeted	1
pluck	1
plsy	1
plowing	1
plotting	1
plodding	1
plod	1
plllay	1
pllay	1
plezz	1
plentyof	1
pleeeeeeeaaase	1
pleeeeeease	1
pleazzzzz	1
pleasurs	1
pleasures	1
pleasurehowever	1
pleasurable	1
pleaseupdate	1
pleasethen	1
pleasethanks	1
pleasesheilawright15livecom	1
pleases	1
pleasemurlouisianagmailcom	1
pleaselove	1
pleasanrly	1
pleanty	1
plea	1
playyoung	1
playying	1
playyaaaas	1
playwork	1
playwhy	1
playwhen	1
playvote	1
playthough	1
playthose	1
playthere	1
playthank	1
playtaking	1
playswith	1
playstore	1
playstimulates	1
playsthe	1
playstarts	1
playsso	1
playsoundthere	1
playsometimes	1
playsits	1
playsit	1
playsimple	1
playsi	1
playsdont	1
playscary	1
playsbe	1
playsand	1
playsa	1
playrolling	1
playrecommended	1
playrd	1
playr	1
playpleaseit	1
playplease	1
playpet	1
playperiod	1
playover	1
playour	1
playor	1
playonce	1
playok	1
playnow	1
playno	1
playng	1
playnextgame	1
playnever	1
playneed	1
playmagic	1
playlt3	1
playlots	1
playlolyou	1
playlol	1
playlist	1
playlets	1
playlearning	1
playkids	1
playiong	1
playinv	1
playinuag	1
playinon	1
playining	1
playingy	1
playingwould	1
playingwish	1
playingwe	1
playinguntil	1
playingu	1
playingtry	1
playingto	1
playingthey	1
playingthen	1
playingthanks	1
playingthank	1
playingsometimes	1
playingsome	1
playingshould	1
playingshame	1
playings	1
playingrequest	1
playingrecommend	1
playingrated	1
playingplus	1
playingoops	1
playingnuff	1
playingno	1
playingmore	1
playinglove	1
playingjust	1
playingif	1
playingid	1
playinghighly	1
playinghave	1
playinggreat	1
playingfirst	1
playingeveryone	1
playingevery	1
playingeventually	1
playingespecially	1
playingdont	1
playingcould	1
playingchallenging	1
playingcandy	1
playingbut	1
playingbecause	1
playingbe	1
playingawesome	1
playingamp34	1
playingagonizing	1
playingafter	1
playingaddictive	1
playinga	1
playing2	1
playinbut	1
playinalso	1
playillits	1
playijg	1
playif	1
playhurry	1
playhouse	1
playhmmmhmmmm	1
playhelps	1
playhellipperfect	1
playhavent	1
playhave	1
playhate	1
playground	1
playgame	1
playf	1
playeveryone	1
playeverybody	1
playeth	1
playespecially	1
playersjust	1
players1	1
playerand	1
playedyou	1
playedu	1
playedlove	1
playedkeeps	1
playedjust	1
playedgreat	1
playedcandy	1
playedalthoughit	1
playedaddictivelyfor	1
played34	1
playeasy	1
playdroid	1
playdont	1
playdeleted	1
playdecent	1
playcool	1
playconclusion	1
playcandy	1
playby	1
playbook	1
playbest	1
playbe	1
playback	1
playamp	1
playaddictive	1
platino	1
platformsnot	1
platformsmaybe	1
plastic	1
plasmalike	1
plant	1
plansenjoy	1
planningvery	1
planing	1
planeshave	1
plainly	1
plaingthis	1
plaguing	1
plagiarizedthe	1
plagiarized	1
placesthis	1
placesthe	1
placements	1
placeits	1
placehighly	1
placecons	1
pl	1
pjone	1
piyo	1
pixel	1
piveing	1
pitts	1
pitifullol	1
pitfalls	1
pissing	1
pirated	1
pintob	1
pinochle	1
pinnacle	1
ping	1
pineapple	1
pin	1
pills	1
piling	1
piggybacked	1
pierson	1
piers	1
pieceshow	1
picturesthebesteverno	1
picturelove	1
pictorial	1
picnic	1
pickups	1
pickthe	1
picks	1
piano	1
physicist	1
phooey	1
phonewindows	1
phonewhy	1
phonewhat	1
phonethen	1
phonethe	1
phonetabletcomputer	1
phoneso	1
phonesadd	1
phones2	1
phonequot	1
phoneplease	1
phonepcand	1
phoneother	1
phonelook	1
phonekindle	1
phonegreat	1
phonegood	1
phonefinally	1
phonecome	1
phonecant	1
phonecan	1
phone5stars	1
phone4814	1
phishing	1
philly	1
philled	1
phh	1
phenominal	1
phasebut	1
pffft	1
pf	1
petting	1
pesty	1
pestered	1
pervasive	1
perturbed	1
pertains	1
pertaining	1
personthis	1
personquot	1
personpeople	1
personly	1
personalityor	1
person34	1
persisting	1
persistentand	1
perseverence	1
perseverancethe	1
perservering	1
perserverance	1
perplexing	1
pero	1
permit	1
permissiom	1
permanently	1
periodso	1
performing	1
perfer	1
perfectyou	1
perfectionists	1
perfected	1
perfecbhbbhbbbbsjjenejejjejsjsjsjsjsjeijehendiskowpjsujeuekeiwmgdunrkdpekjsmdjndnsjjsnejdndhussjonhdbdjndkdkkdndudnjdnejdjejdjsneidowondhdjelejhdkoqknjdjadalnenjrnejejejekkekdkekskkskekekskekekiwmejeikekekskskekskekekekekwkkekekdkkekekekekekekekekeklt	1
perfec	1
percocet	1
perchbut	1
perception	1
percentage	1
peppy	1
peppering	1
pepole	1
pepil	1
peoplewho	1
peoplewhen	1
peopletry	1
peoplethere	1
peoplethank	1
peopleso	1
peoplesams	1
peoplequot	1
peopleme	1
peoplelast	1
peoplekids	1
peopleignore	1
peopleif	1
peoplei	1
peoplefriends	1
peopleenjoy	1
peopleamp34	1
peopel	1
pent	1
pens	1
pennythats	1
pennyit	1
pennybut	1
penney	1
pending	1
pendelton	1
penalties	1
penalised	1
peices	1
peice	1
peggy	1
peggedi	1
peeved	1
peers	1
peeled	1
peel	1
peed	1
pedicure	1
pedestal	1
peddlers	1
peckerwood	1
peasy	1
pears	1
pearbubble	1
peapole	1
peaple	1
peaked	1
peachy	1
peaces	1
pd	1
pcwe	1
pcthankyou	1
pcjust	1
pcall	1
paytowinquot	1
paytosucceed	1
paytoplay	1
payroll	1
paypal	1
payorwait	1
paymentsgood	1
payingwould	1
payingim	1
payingextremely	1
payinga	1
payin	1
payi	1
paygrade	1
paybut	1
payask	1
payall	1
pay99cents	1
pay34	1
pawn	1
pawer	1
pauwka	1
pause34	1
pattyturner55yahoocom	1
patty	1
patton	1
patternsif	1
pats	1
patrons	1
patricia	1
patientyou	1
patientthe	1
patientexcellent	1
patientdoesnt	1
patientalready	1
patiencethe	1
patiencenice	1
patiencein	1
patienceif	1
patiencei	1
patienceenjoy	1
patcince	1
patches	1
pastthis	1
pastso	1
pasts	1
passother	1
passmore	1
passively	1
passive	1
passi	1
passhave	1
passgood	1
passesthe	1
passerquot	1
passerlove	1
passerfun	1
passerby	1
passengers	1
passedbut	1
passbut	1
passable	1
pasdtime	1
partyou	1
partnership	1
partners	1
partition	1
particulars	1
particularit	1
participated	1
participant	1
partially	1
parti	1
partguess	1
parted	1
partbut	1
parody	1
parks	1
parking	1
parish	1
parentsi	1
parenting	1
parece	1
paranormal	1
paragraph	1
paradox	1
par	1
paperback	1
pantheon	1
pantaloons	1
panes	1
panels	1
pandering	1
panda	1
pamphlet	1
palm	1
pallet	1
palestine	1
pale	1
pal	1
pairing	1
painting	1
painkiller	1
paining	1
pah	1
pagemaybe	1
pads	1
packagesquot	1
packageing	1
pacing	1
pacifying	1
pacethanx	1
pacemiddot	1
pacefunneed	1
pacedwinning	1
pacedthe	1
pacedkeeps	1
pacedaddictive	1
paceadditionally	1
paaaassss	1
oythereise	1
oy	1
oxygen	1
oxus	1
oxford	1
ownover	1
owning	1
ownersmy	1
owncannot	1
own34	1
owlyea	1
owlwish	1
owlthats	1
owlmoon	1
owllol	1
ovet	1
overworked	1
overwhy	1
overwho	1
overwhelmed	1
overthinking	1
overso	1
overshadows	1
overshadow	1
overseas	1
overrun	1
overridden	1
overratedand	1
overpricednot	1
overpriced	1
overplaying	1
overpay	1
overok	1
overnow	1
overjoyed	1
overjoy	1
overhyped	1
overheats	1
overheating	1
overheat	1
overflow	1
overfishing	1
overengineered	1
overdo	1
overcant	1
overburdened	1
overbearing	1
overavoid	1
overalso	1
overallseriously	1
over50	1
over20	1
ovehead	1
ove	1
ovals	1
outyou	1
outwits	1
outwhy	1
outvery	1
outtried	1
outtons	1
outthink	1
outthe	1
outstretched	1
outsquot	1
outsometimes	1
outso	1
outslol	1
outsidethe	1
outsidehave	1
outset	1
outseemingly	1
outrightdont	1
outrightand	1
outrage	1
outperhaps	1
outotherwise	1
outnowim	1
outno	1
outmutiple	1
outmostly	1
outlove	1
outlol	1
outline	1
outjust	1
outive	1
outill	1
outif	1
outid	1
outhow	1
outgreat	1
outgetting	1
outfun	1
outer	1
outeeek	1
outdistance	1
outdid	1
outcomes	1
outbut	1
outbursts	1
outamp	1
outages	1
outage	1
outa	1
ourself	1
otto	1
otters	1
ototherwise	1
othis	1
otherwr	1
otherwisesylvia	1
otherwisei	1
otherwe	1
othertimes	1
otherthings	1
otherthey	1
otherthat	1
otherthan	1
othersyeah	1
othersstill	1
othersoverall	1
othersno	1
othersmust	1
otherslike	1
otherskortizenglish1yahoo	1
othersive	1
othersill	1
othershave	1
otherschallenging	1
otherscan	1
othersaga	1
others34switch34	1
othermany	1
otherjust	1
otherewiseyou	1
othere	1
othercan	1
otheraise	1
othank	1
oss	1
oshkosh	1
osem	1
orwell	1
orthopaedic	1
orr	1
orpay	1
oround	1
orite	1
originality	1
originali	1
origin	1
orientation	1
orgoto	1
orginnal	1
orginal	1
organizational	1
org	1
oreder	1
ordmeth	1
ordersamp34	1
orders34	1
orderi	1
orderd	1
ordeal	1
orcsetvup	1
orc	1
orbuying	1
orbah	1
orbad	1
or86	1
or10	1
opus	1
optonline	1
optionsthe	1
optionmy	1
optionlike	1
optioni	1
optiondelete	1
optionalwhat	1
opting	1
optimus	1
optimum	1
optimization	1
optimal	1
optiion	1
oppso	1
opprotunity	1
oppresses	1
oppotunities	1
opportunitymiddotmiddotmiddotmiddotbut	1
opportunitity	1
opportune	1
opponents	1
oppinion	1
oppertunity	1
opp	1
opinionyou	1
opinionwish	1
opinionthanks	1
opinionkevin	1
opin	1
opf	1
operent	1
operator	1
operations	1
operation	1
openminded	1
openits	1
openended	1
opencreed	1
op	1
oovoo	1
oopsyoure	1
oopsi	1
ooops	1
oooooooooooooooooooooooooooooooooooo	1
ooooooooooooooooooooooooooo	1
ooooooooooooooo	1
ooooh	1
oooo	1
oooh	1
oodus	1
oodle	1
onwife	1
onwards	1
onwardlove	1
onus	1
onugh	1
onthis	1
onthanks	1
onthank	1
ont	1
onsometimes	1
onsome	1
onscreen	1
onridiculous	1
onplease	1
onon	1
onoff	1
ono	1
onnot	1
onno	1
onnmy	1
onlyenriches	1
onlychristine	1
onlybut	1
onlyactual	1
onlu	1
onloving	1
onloli	1
onlinevtips	1
onlineso	1
onlinei	1
onlineaddictivechallengingfuncompetitivemy	1
onley	1
onkindle	1
onive	1
onits	1
onion	1
onif	1
onfun	1
oneyoull	1
onewell	1
onevlevel	1
oneven	1
onetoone	1
onethough	1
onethis	1
onethanks	1
onesthe	1
oneso	1
onesit	1
onesfree	1
oneself	1
onesadsthere	1
onerequires	1
oneor	1
oneonly	1
onenow	1
onemy	1
onemxjxhxbxbxbxxbxbxnxnxnxmmzmsks	1
onemany	1
onelol	1
onekid	1
oneits	1
oneif	1
onehope	1
onehave	1
onefun	1
onefee	1
onefacebook	1
onee	1
oneday	1
onecant	1
onebut	1
onebest	1
onealso	1
oncetwice	1
oncekeep	1
onceif	1
oncei	1
oncehave	1
oncefantastic	1
onced	1
oncause	1
onbut	1
onbetter	1
onapple	1
onanother	1
onand	1
onaddictive	1
on70cant	1
on3	1
on257	1
omost	1
omm	1
omgthis	1
omgso	1
omgi	1
omgglad	1
omgaddicted	1
ometomes	1
omega	1
omaacutenwait	1
olympus	1
olympic	1
olub	1
ollllllllllllllddddddddddd	1
ollie	1
oll	1
olevel	1
oldyoull	1
oldwe	1
oldtimer	1
oldthe	1
oldreal	1
oldit	1
oldies	1
oldfolk	1
oldand	1
oldall	1
olay	1
oksy	1
okso	1
oksimilar	1
oksheesh20	1
okready	1
okpkokpkpkplpklj	1
okok	1
oknow	1
okmy	1
oklahoma	1
okkkkkk	1
okjust	1
oki	1
okglad	1
okf	1
okelaine	1
okeechobee	1
okck	1
okbut	1
okaylol	1
okayits	1
okayat	1
okaddictivewant	1
ojce	1
oit	1
ois	1
oiland	1
oi	1
ohohohohohoamp34	1
ohios	1
ohhhhhhh	1
ohhhh	1
ohhh	1
ohh	1
ogject	1
og	1
ofthe	1
oftentruck	1
oftenthis	1
oftenthey	1
oftenthank	1
oftenmoney	1
oftenlove	1
oftenim	1
ofteni	1
oftenand	1
oft	1
ofonly	1
ofone	1
ofn	1
ofmy	1
oflives	1
oflevelsi	1
offyay	1
offun	1
offthe	1
offth	1
offstill	1
offputting	1
offotherwise	1
offonce	1
offon	1
offmy	1
offlinethat	1
offlinequot	1
offif	1
officials	1
officeyeah	1
officewould	1
officeor	1
officemind	1
officemakes	1
officeany	1
officealmost	1
offhowever	1
offhand	1
offf	1
offerson	1
offersits	1
offerred	1
offerit	1
offensive	1
offense	1
offended	1
offend	1
offellen	1
offdont	1
offbuying	1
offbut	1
offand	1
offamp34	1
oferta	1
ofcandy	1
of34lives34	1
odusmy	1
odous	1
odoing	1
odo	1
odit	1
oddus	1
oddles	1
oddity	1
oddbecause	1
ocupied	1
oclock	1
occupiedwhen	1
occupiedtrouble	1
occupiedsome	1
occupiedit	1
occupiedentertained	1
occupiedcongrats	1
occupiedbin	1
occupiedand	1
occupational	1
occupation	1
occular	1
occsssionally	1
occassions	1
occassional	1
occassion34	1
occasionbut	1
ocassionly	1
ocassionally	1
obvioussometimes	1
obtein	1
obtainable	1
obstructions	1
obstinate	1
obsticles	1
obsticals	1
obsolete	1
obsessivecompulsive	1
obsessionthen	1
obsessionits	1
obsessionif	1
obsessioni	1
obsessiongotta	1
obsessing	1
obsessedin	1
obsesed	1
observations	1
obseed	1
obnoxiously	1
obliterate	1
obligation	1
objectslol	1
objectionable	1
obcessed	1
obcesive	1
obbsesed	1
obama	1
oahhhi	1
oacutew	1
oacuteptimo	1
nyt	1
nutsy	1
nutsvery	1
nutsin	1
nutsi	1
nutshell	1
nutritious	1
nutie	1
nunn	1
numming	1
numbets	1
numbersmy	1
numbered	1
number117	1
number1	1
null	1
nuisances	1
nudge	1
nuclear	1
nuber	1
nto	1
ntildeew	1
nsw	1
nstead	1
nquott	1
npr	1
np	1
noy	1
nowway	1
nowwant	1
nowwaiting	1
nowvery	1
nowu	1
nowthis	1
nowtheres	1
nows	1
nowpopcap	1
nowplay	1
nowonly	1
nownme	1
nownbspthey	1
nowminecraftstadiumkkirkmr	1
nowmiddot	1
nowmaybe	1
nowjust	1
nowin	1
nowget	1
nowdont	1
nowcant	1
nowbut	1
nowawesome	1
nowavailableon	1
nowand	1
nowa	1
novices	1
novelty	1
notyou	1
notworth	1
notuseless	1
notsome	1
notshe	1
notsensitively	1
notquot	1
nototherwiseawesome	1
notlol	1
notl	1
noticeably	1
nothow	1
nothingevery	1
nothin	1
nother	1
notgreat	1
noteit	1
note2	1
notagain	1
not34	1
norton	1
normalcandy	1
noquot	1
noooooooooo	1
nooo	1
noone	1
nonword	1
nonstopi	1
nonstopbut	1
nonspatial	1
nonslots	1
nonsensically	1
nonproductivitycandy	1
nonpareils	1
nonmoney	1
nonkindle	1
noninteractive	1
nonhightech	1
nonfb	1
nonethelessso	1
noits	1
nointernet	1
nohelp	1
nogo	1
nogame	1
nog	1
nof	1
nobrainer	1
nobrain	1
no30	1
no2	1
no1	1
nnxnnxbx	1
nnext	1
nmmmkj	1
nkthe	1
njoyn	1
nitgetting	1
nitewould	1
ninth	1
nino	1
ninjas	1
ninjajust	1
ninja	1
ninetynine	1
nilly	1
niighti	1
nihht	1
nightwake	1
nighttoo	1
nightsmiles	1
nightphone	1
nightowl	1
nightmares	1
nightlove	1
nightjust	1
nighti	1
nightgreat	1
nighters	1
nightdidnt	1
nightaddicted	1
niggza	1
nigbht	1
nifty	1
niel	1
nieceim	1
nids	1
nickelanddime	1
nicked	1
nicholas	1
nicethis	1
nicethe	1
nicethanx	1
nicengame	1
nicelyglad	1
niceeven	1
niccole	1
nibble	1
ni	1
nhe	1
nhchhdd	1
nextokay	1
nextlevel	1
nexthypea	1
nextel	1
nextbook	1
nextand	1
nex	1
newwell	1
newness	1
newlevel	1
newe	1
new1	1
nevrr	1
nevet	1
neverstopbuy	1
neverstop	1
nevers	1
neveray	1
neurotransmitters	1
neuronswin	1
neurologist	1
neurologically	1
nets	1
netflix	1
netbased	1
ness	1
nervewracking	1
nertz	1
nerd	1
nephewin	1
nemesisso	1
neighbour	1
negotiate	1
negativesoda	1
negatively	1
negating	1
neg	1
neferous	1
neez	1
neeeded	1
needz	1
needto	1
needsalittlemore	1
neednt	1
needliked	1
needlessly	1
needhave	1
needgreat	1
needfull	1
neededmy	1
neededfun	1
neckmakes	1
necessarysometimes	1
neccessary	1
neber	1
neatly	1
neatest	1
nearimpossible	1
nearest	1
nearby	1
nc	1
nbut	1
nb	1
nazis	1
navigation	1
navigatei	1
nauseous	1
naughty	1
naturel	1
nations	1
nationality	1
nate	1
nas	1
narrators	1
narrating	1
narrates	1
narly	1
naptime	1
napping	1
napped	1
nancy	1
naming	1
namevery	1
nameless	1
namebutton	1
namco	1
nai	1
nahhhh	1
naggs	1
nadir	1
nabis	1
naaaa	1
n00b	1
myveues	1
mythor	1
mystify	1
myspace	1
myselfthank	1
myselfim	1
myselfif	1
myselfi	1
myselfhaving	1
myprogress	1
mypc	1
myonly	1
mymom	1
mylives	1
myliking	1
myipod	1
myhusband	1
myh	1
mygranddaughter	1
myfriends	1
myfaceboook	1
mycandy	1
my34	1
my2	1
mwhahaha	1
mw	1
muuuuuuaaah	1
muting	1
muted	1
mustve	1
muststopplayingwork	1
mustdo	1
mustbut	1
mustand	1
musing	1
musicsound	1
musicplus	1
musicit	1
mushrooms	1
mushminded	1
musgrove	1
murray	1
mundane	1
munchies	1
munch	1
mummies	1
mumbling	1
mum	1
multiplies	1
multiples	1
multiplayer	1
multifaceted	1
mulitiple	1
mulitable	1
muich	1
muddling	1
muddled	1
muddle	1
muchwish	1
muchwent	1
muchtime	1
muchthanks	1
muchso	1
muchshow	1
muchother	1
muchonce	1
muchmrs	1
muchlove	1
muchlol	1
muchlevel	1
muchkids	1
muchkeeps	1
muchjust	1
muchjelly	1
muchhello	1
muchhard	1
muchfor	1
muchamp34	1
muchamazing	1
muchalso	1
muc	1
mu	1
mt	1
msnbc	1
mskr	1
msg	1
mqk	1
mphthings	1
moyt	1
moynihan	1
movingmind	1
movetense	1
movesyou	1
movesyet	1
moveswould	1
moveswe	1
movestime	1
movesthis	1
movesthat	1
movessuddenly	1
movessssssss	1
movesso	1
moveslove	1
moveslots	1
moveslives	1
movesfrustrating	1
movesdidnt	1
movesbecame	1
movesamp34	1
mover	1
moveon	1
moveleft	1
moveit	1
moveid	1
movei	1
moveeliminatecreate	1
movedenise	1
movean	1
move34	1
mouthwatering	1
mouthing	1
mouthed	1
mounted	1
motive	1
motivates	1
motherno	1
motherinlaws	1
motherhood	1
mostnaddicting	1
mostlysome	1
mostlove	1
mostley	1
mostand	1
mossy	1
moss	1
mosjust	1
mortgage	1
morsels	1
morsel	1
morre	1
morphs	1
morphing	1
moron	1
morningnoon	1
morningim	1
morewith	1
morewife	1
morewant	1
moreusing	1
moretime	1
morethe	1
morethats	1
mores	1
morereccomended	1
morequot	1
moreplz	1
moreother	1
moreof	1
morelt3	1
morelove	1
morelives	1
morelike	1
morekeep	1
morei	1
morehavent	1
morego	1
moreglad	1
moregames	1
morefor	1
morefinetake	1
morecan	1
moreand	1
moreafter	1
moreabsolutely	1
more34which	1
more34	1
morbid	1
moral	1
mooves	1
moose	1
mooooolah	1
moondidnt	1
moody	1
moods	1
moodit	1
monyhs	1
monthsyearshate	1
monthstuck	1
monthsone	1
monthsnow	1
monthslove	1
monthsliterally	1
monthsand	1
monthsafter	1
monthhad	1
monthgreat	1
montezuma	1
monstrous	1
monotonoes	1
monotinous	1
monotenous	1
monopolize	1
monolith	1
monitored	1
monies	1
monger	1
moneyyou	1
moneywhats	1
moneyvery	1
moneytoo	1
moneyto	1
moneythose	1
moneythe	1
moneythank	1
moneysometimes	1
moneyright	1
moneyreally	1
moneyquot	1
moneyoh	1
moneyno	1
moneymoneymoney	1
moneymaking	1
moneymakers	1
moneymaker	1
moneyif	1
moneyhut	1
moneyhowever	1
moneyhole	1
moneygrubbing	1
moneydownload	1
moneydeleted	1
moneydefinately	1
money35	1
monets	1
monetizing	1
monetized	1
monetization	1
moneey	1
mondays	1
mommom34	1
mommom	1
momma111live	1
momim	1
momif	1
momentumso	1
momentto	1
moments34	1
momentarilyim	1
momentand	1
momebt	1
momand	1
mollyisveryawesome	1
mogreat	1
modus	1
modules	1
modified	1
modest	1
moderately	1
mocking	1
mockery	1
mocked	1
moble	1
mobility	1
mobiletablet	1
mobiles	1
mobilekindle	1
mobile1	1
mobil	1
mob	1
mnf	1
mne	1
mmoment	1
mmmmmmmi	1
mmmmmmm	1
mmmmmmk	1
mmmmmm	1
mmmmm	1
mmm	1
mmcmon	1
mmake	1
mks	1
mkes	1
mk	1
mjvjfhkyki	1
mizcandy	1
mizblaak	1
mivie	1
mitt	1
mitch	1
misunderstanding	1
misunderstand	1
mistrust	1
mistress	1
mistakeoh	1
mistakei	1
misss	1
missplaced	1
missionsand	1
missingnow	1
missingany	1
misses	1
misserable	1
misrepresented	1
misread	1
miso	1
misnomerif	1
mismatched	1
mismanagement	1
misled	1
misleadingshould	1
misjudged	1
misfiring	1
miscounting	1
mirth	1
mircopurchasing	1
minz	1
minuyes	1
minuts	1
minutrs	1
minuteswell	1
minutestotal	1
minutesit	1
minuteshours	1
minutesgold	1
minutescant	1
minutesand	1
minutes34	1
minutei	1
minute90	1
mintues	1
mints	1
minton	1
minsother	1
minother	1
minivegas	1
ministory	1
minister	1
minions	1
minimums	1
minimumfunky	1
minimize	1
minimise	1
mingle	1
miney	1
minethis	1
mines	1
miner	1
minemy	1
minedont	1
mined	1
minecraftlike	1
minecraftcandy	1
minecraftbut	1
minecraft3	1
mindworking	1
mindwolflax	1
mindvery	1
mindtime	1
mindthis	1
mindthinkingof	1
mindsboy	1
mindquite	1
mindprovoking	1
mindone	1
mindnow	1
mindmy	1
mindlessyou	1
mindlessthe	1
mindlessness	1
mindlessmaybe	1
mindlessaddicting	1
mindits	1
mindi	1
mindhope	1
mindhee	1
mindfun	1
mindful	1
mindfrom	1
mindenlightening	1
mindenjoy	1
mindbusy	1
mindblowing	1
mindbefore	1
mindas	1
mindanao	1
mince	1
minameedwards	1
mimiann	1
mimi	1
millionth	1
millionaire	1
millers	1
milkshake	1
military	1
milhollin	1
miley	1
milestone	1
milesamp34	1
mile	1
mildy	1
mikbrindle27bexnet	1
migrainesenjoy	1
midterms	1
midstream	1
midseventiesthey	1
midless	1
middotmiddotmiddotmiddotmiddotmiddotmiddotmiddotmiddot	1
middleaged	1
midatlantic	1
mid40s	1
mid400s	1
mid30s	1
microtransaction	1
microtransact	1
microtranactions	1
micropurchase	1
microcharges	1
michigan	1
miami	1
miagooch	1
meyou	1
mexico	1
mew	1
mevery	1
metthis	1
metro	1
metile	1
methen	1
metaphor	1
meta	1
messagessharondmyers58hotmail	1
mesometimes	1
mesome	1
mesmerize	1
meseveral	1
merrygoroundbatteryresourcememory	1
merits	1
merit	1
merger	1
merge	1
meother	1
meor	1
menuwhen	1
mentor	1
mentioning	1
mentallyive	1
mentality	1
menot	1
menopauselike	1
meno	1
menes	1
mend	1
mencias	1
memy	1
memorized	1
memoery	1
memo	1
meme	1
memakes	1
melove	1
melon	1
melissa	1
melike	1
melding	1
melboure	1
melanie	1
melancholy	1
mejorable	1
meits	1
meinor	1
meim	1
meif	1
mehthe	1
mehow	1
mehhh	1
mehahajust	1
megt	1
meget	1
megaton	1
meeven	1
meenjoy	1
medont	1
meditative	1
medicine	1
mediaotherwise	1
mediacomputer	1
mediacandy	1
mederation	1
mechanisms	1
mechanism34	1
mechanic	1
mecandy	1
mebutthe	1
meawesome	1
meat	1
measure	1
measly	1
meas	1
meanwhat	1
meanvery	1
meansyet	1
meansbug	1
meanmore	1
meanking	1
meaningful	1
meand	1
mean1	1
meamp34at	1
meam	1
meallows	1
meadowquot	1
meaddicted	1
meaddendum	1
me5	1
me10	1
mcpe	1
mc	1
mbas	1
mazesfriends	1
mayhaps	1
maybejust	1
maxxed	1
maximun	1
maximums	1
maxi	1
maureenflaggs	1
maui	1
maude	1
matterthen	1
mathematical	1
matchups	1
matchup	1
matchthreecolor	1
matchs	1
matchingit	1
matchinggrouping	1
matchingbuy	1
matchesunlessi	1
matches2	1
match3type	1
mat	1
masterpiece	1
mastermind	1
masterly	1
masterjust	1
mass	1
masking	1
mashup	1
mashing	1
masculine	1
marvelousbarbie	1
marvelous	1
marshmallow	1
mars	1
marrige	1
markit	1
marking	1
marketplaces	1
marketingplatform	1
marketa	1
maria	1
marcus	1
marathon	1
maore	1
manyyy	1
manybuys	1
manufacture	1
mansion	1
manly	1
mankinds	1
mankind	1
manipulations	1
maniasorry	1
maniaci	1
maniacal	1
manhattan	1
maneuvers	1
maneuvering	1
maneuvered	1
manangement	1
managing	1
managementeth	1
mame	1
mamas	1
malls	1
mallet	1
malicious	1
malfunction	1
makingthe	1
makings	1
makethem	1
makesme	1
makeafter	1
mak	1
maje	1
maintenance	1
maintains	1
maintaining	1
maintained	1
mainproblem	1
maine	1
mahjongg	1
mahalo	1
mah	1
magnetized	1
magnetic	1
maggot	1
magenta	1
madthen	1
madter	1
madly	1
madison	1
madhelp	1
madei	1
madeany	1
maddy	1
maddness	1
maddingbut	1
madding	1
maddeningwish	1
madbut	1
madad	1
macs	1
macintosh	1
mace	1
maame	1
m8	1
m3	1
lyrics	1
lynnmj	1
lynn	1
lynch	1
lyk	1
lye	1
lydia	1
ly	1
lvs	1
lvlz	1
lves	1
lve	1
luvv	1
luvsaga	1
lusting	1
luring	1
lunches	1
lunch34ps	1
lump	1
luminosity	1
lumina920	1
lull	1
lueras	1
ludicrous	1
ludicris	1
lucy	1
luckyi	1
luckybut	1
luckwhat	1
luckthat	1
luckespecially	1
luckdon	1
luckbase	1
lucidmy	1
lucia	1
lubricated	1
ltove	1
lthe	1
lt333333	1
lsd	1
ls	1
lr	1
lquotguidesquot	1
lows	1
lowlow	1
lowkey	1
lowevery	1
lowest	1
lowers	1
lowered	1
loweliest	1
lovvvvvvvvvvvveeeeeeee	1
lovvvvvvvve	1
lovvvveeee	1
lovvve	1
lovve	1
lovr	1
lovewell	1
lovevvvvvvvvvvvvvvvvvvvvvvvvvvvvvvvvvvvvvvvvvvvvvvvvvvvvvvvvvvvvvvvvvvvvvvvvvvvvvvvvvvvvvvvvvvvbulletin	1
loveud	1
lovetohate	1
lovethe	1
lovereally	1
lovensharing	1
loven	1
lovemy	1
loveliness	1
loveless	1
lovelace	1
loveit	1
loveing	1
lovehatelol	1
lovegame	1
lovefun	1
loveeeeeeee	1
loveeeeee	1
loveeeee	1
loveeee	1
loveee	1
loveaddictive	1
loveable	1
lounging	1
lounges	1
lounge	1
louis	1
loudly	1
lottotally	1
lotsoluck	1
lotsof	1
lotsafter	1
lotsa	1
lotress	1
lotoffun	1
lotnow	1
lotlove	1
lotlol	1
lotkeeps	1
lotit	1
lothave	1
lotfacebook	1
loteveryone	1
loteven	1
lotcant	1
lot2	1
lostwe	1
losingand	1
los	1
lorisesiexcliexcliexcliexcliexcliexcl	1
lorelei	1
lordy	1
lor	1
lop	1
loove	1
looser	1
loosen	1
loops	1
loopholes	1
loopcandy	1
looovvvveeee	1
looove	1
loooooooovvvvvvvvvvveeeeeeeeeee	1
loooooooovvvvvvvvveeeeeee	1
looooooooooooooooooooooooooooooooooooooooooooooooooove	1
looooooonnnnngggg	1
looonng	1
loom	1
looksits	1
lookquot	1
looke	1
lons	1
lonnng	1
longyou	1
longyay	1
longthen	1
longthats	1
longshot	1
longrun	1
longlike	1
longjust	1
longif	1
longi	1
longhowever	1
longhas	1
longgood	1
longevity	1
longestnow	1
longerso	1
longers	1
longernthan	1
longerhonestly	1
longerbut	1
longand	1
lone	1
lon	1
lolwell	1
lolvery	1
lolsometimes	1
lolquot	1
lololol	1
lolokay	1
lolo	1
lolnow	1
lollypops	1
lolly	1
lollolokooool	1
lolllll	1
lollipopsjust	1
lollipopcrush	1
lollie	1
lolkeeps	1
lolits	1
lolipop	1
lolim	1
lolhave	1
lolhappy	1
lolfun	1
loleven	1
lolbishop	1
lol461	1
loik	1
logs	1
logra	1
logout	1
loging	1
logicsandy	1
logicpuzzle	1
logan	1
lofts	1
loe	1
lodged	1
lode	1
loco	1
lockups	1
located	1
locale	1
lobotomy	1
loathe	1
loan	1
loadupdate	1
loadit	1
loadingplaying	1
loacal	1
ln	1
lmfaoits	1
lmfao	1
lmao	1
llthis	1
lllllllooooooooovvvvvvvveeeeeee	1
llllllllllllllllooooooooooooovvvvvvvvvvvveeeeeeeeeeeee	1
llllllllll	1
llike	1
llaying	1
llay	1
ljn	1
livies	1
livewaiting	1
liveswoke	1
liveswhen	1
liveswant	1
livesuse	1
livesugghh	1
livestries	1
livestree	1
livestickets	1
livesthis	1
livesthats	1
livesthanks	1
livessurely	1
livessometimes	1
livesprobably	1
livespow	1
livesplays	1
livesplaying	1
livesperfect	1
livespeople	1
livespart	1
livesoverall	1
livesother	1
livesonky	1
livesoh	1
livesnow	1
livesnatalie	1
livesmovespowerup	1
livesmerle	1
livesmakes	1
liveslost	1
livesloli	1
liveslolget	1
liveslil	1
liveslike	1
liveskeeps	1
livesjust	1
livesits	1
livesim	1
livesif	1
livesid	1
livesiam	1
liveshow	1
liveshelps	1
livesgetting	1
livesget	1
livesfree	1
livesforanypurchase	1
livesfor	1
livesfine	1
livesfacebook	1
liveseliminating	1
livesdont	1
livesdisappointed	1
livescmon	1
liveschances	1
livescfrom	1
livesbuyer	1
livesboosters	1
livesboom	1
livesbecause	1
livesbbcco	1
livesawesome	1
livesas	1
livesagain	1
livesa	1
lives1	1
littlepunkieyahoocom	1
littleknown	1
littlefrustrated	1
little34extra34	1
litterely	1
littered	1
litterally	1
litter	1
litte	1
litigious	1
literly	1
litakes	1
listthank	1
listquot	1
listi	1
listeningnow	1
liquorice	1
linko	1
linger	1
linewhile	1
lineup	1
lineslets	1
linesim	1
linereally	1
lineraryou	1
lineother	1
linemy	1
linemakes	1
linejet	1
lineits	1
lineif	1
lineemups	1
linda	1
limping	1
limitthis	1
limitsi	1
limits34	1
limitless	1
limiti	1
limitfrom	1
limitfacebook	1
limber	1
limb	1
likrsome	1
likey	1
likewise	1
likethis	1
likethen	1
liket	1
likesloves	1
likesi	1
likerun	1
likequotwhat	1
likequotget	1
likeps	1
likeplaying	1
likepieces	1
likeone	1
likeokay	1
likelove	1
likelol	1
likejewel	1
likeido	1
likei	1
likehaving	1
likehate	1
likefunbrightneat	1
likeeee	1
likeed	1
likee	1
likedcandy	1
likeclear	1
likecandies	1
likeable	1
like73	1
likavke	1
likable	1
liike	1
lightthis	1
lightsup	1
lightmeup1timeaolcom	1
lighting	1
lighthearted	1
lighten	1
lifted	1
lifewish	1
lifeswhat	1
lifesthis	1
lifespans	1
lifesormaybe	1
lifesklarnard	1
lifeshmmmi	1
lifeshave	1
lifeseriously	1
lifesbut	1
lifesaver	1
lifesand	1
liferaft	1
lifeput	1
lifeover	1
lifenot	1
lifemack	1
lifelove	1
lifelong	1
lifelol	1
lifejust	1
lifeits	1
lifehow	1
lifehey	1
lifehaha	1
lifegood	1
lifeenjoy	1
lifecandy	1
lifecan	1
lifeawesome	1
lifeanythingbut	1
lifeannoying	1
life7	1
life1	1
lievery	1
lieu	1
lieim	1
lids	1
licking	1
lick	1
libraryi	1
liberally	1
liars	1
lgreat	1
lft	1
lfe	1
leys	1
lexicon	1
levl	1
levely	1
levelwould	1
levelworlds	1
levelwork	1
levelwith	1
levelwill	1
levelwhy	1
levelwhats	1
levelwell	1
levelwaiting	1
leveltook	1
leveltldr	1
levelthey	1
leveltheres	1
levelthat	1
levelthanks	1
levelsynched	1
levelsyes	1
levelswould	1
levelswondering	1
levelswith	1
levelswill	1
levelswhen	1
levelswell	1
levelsvery	1
levelstry	1
levelstinks	1
levelsthen	1
levelsthe	1
levelsthat	1
levelstakes	1
levelsssss	1
levelsseeya	1
levelsseems	1
levelss	1
levelsquotthere	1
levelspositive	1
levelsplease	1
levelspizazz	1
levelsowarning	1
levelsoverall	1
levelsover	1
levelsor	1
levelsooner	1
levelsometime	1
levelsoffer	1
levelso	1
levelsneed	1
levelsmoving	1
levelsmore	1
levelsmonroe	1
levelsmight	1
levelsmaking	1
levelsmakes	1
levelslove	1
levelslots	1
levelslol	1
levelskeeps	1
levelsive	1
levelsijust	1
levelsif	1
levelshope	1
levelshelps	1
levelshave	1
levelsgood	1
levelsget	1
levelsgame	1
levelsevery	1
levelsetc	1
levelseach	1
levelscurse	1
levelscons	1
levelscome	1
levelscandy	1
levelscan	1
levelsca	1
levelsbyolivia	1
levelsboards	1
levelsawesome	1
levelsare	1
levelsamp34	1
levelsalthough	1
levelsall	1
levelsaas	1
levels2	1
levelr	1
levelquotso	1
levelpurchase	1
levelplease	1
leveloverall	1
levelotherwise	1
levelother	1
levelon	1
levellike	1
levelkilo	1
levelkeeps	1
levelkeep	1
leveljust	1
levelive	1
levelim	1
levelhighly	1
levelhave	1
levelhate	1
levelguess	1
levelgraphics	1
levelgot	1
levelgetting	1
levelf	1
levelevery	1
leveleven	1
leveldont	1
levelcest	1
levelbad	1
levelas	1
levelafter	1
leveladdictive	1
levelabout	1
levela	1
level86	1
level65	1
level440	1
level435	1
level40	1
level25	1
level147	1
level130	1
level13	1
level113	1
level1	1
levee	1
leveals	1
levea	1
leve	1
leuk	1
letplay	1
letme	1
lessoni	1
lessens	1
lessen	1
ler	1
leporin	1
leone	1
leo	1
lenthy	1
lenguaje	1
lemon	1
lemming	1
lemme	1
leisureno	1
leisureits	1
legomaxtv	1
legitimately	1
legion	1
legendary	1
legend	1
legally	1
legacy	1
leein	1
leeann	1
ledger	1
ledgend	1
lectronic	1
leaver	1
leasure	1
leastwish	1
leastso	1
leastoverall	1
leasta	1
lease	1
learnthe	1
learningto	1
learningmore	1
learnasyouplay	1
learining	1
leard	1
leap	1
lean	1
leak	1
leader	1
lea	1
le	1
lcool	1
lbvs	1
lb	1
layover	1
lax	1
lawyer	1
lawsuit	1
laws	1
lavine	1
lavels	1
laurels	1
laundryor	1
laundromat	1
laughget	1
laughably	1
lathing	1
lates	1
laterunless	1
laterquot	1
laterit	1
laterim	1
laterhere	1
lateral	1
later34	1
latelyyou	1
lateim	1
latecomer	1
lastquot	1
lastjelly	1
lastingbest	1
lastest	1
laser	1
larry	1
lark	1
largle	1
laptops	1
laptopoh	1
laptopnotebook	1
laptoplol	1
laptopget	1
laptopdoesnt	1
laptopbut	1
laptio	1
laptap	1
lapsed	1
lantern	1
langage	1
lanch	1
lana	1
lamp	1
lameness	1
lamei	1
lamebrain	1
lam	1
lalaloopsy	1
lalalalalalove	1
laggs	1
lagged	1
ladyhelp	1
ladydi	1
ladt	1
laden	1
lacked	1
lackadaisical	1
labs	1
laborious	1
lab	1
laaaaame	1
l361	1
l36	1
l24	1
kyle	1
ky	1
kw	1
kvetch	1
kurdish	1
kung	1
ksoxoxoeowpsp	1
kryptonite	1
kruio	1
kristyelainesings	1
krafcztk	1
kpdy	1
kow	1
kore	1
koopa	1
kooky	1
kookoo	1
kook	1
koogjff	1
kontinue	1
kobo	1
ko	1
knowyoull	1
knowwherebto	1
knowthey	1
knowswhat	1
knowstucked	1
knownow	1
knowlingly	1
knowledgebased	1
knowi	1
knowdont	1
knot	1
knooow	1
knob	1
knitting	1
knidlefire	1
knee	1
knave	1
knapp	1
km	1
klindle	1
kives	1
kit	1
kissing	1
kirby	1
kip	1
kinle	1
kingway	1
kingroyal	1
kingreg	1
kinglol	1
kingloads	1
kingi	1
kingdomwhat	1
kingdomquot	1
kingdomi	1
kingdomcom	1
kingdom34	1
kingcomthis	1
kingcommy	1
kingcomhoping	1
kingalso	1
kingagain	1
kindness	1
kindleyippee	1
kindleyea	1
kindleyay	1
kindlewowi	1
kindlewoooot	1
kindlewont	1
kindlewish	1
kindlewill	1
kindlewhy	1
kindlewhich	1
kindlewellwhat	1
kindlewe	1
kindleverse	1
kindleunfortunately	1
kindletried	1
kindlethree	1
kindlethought	1
kindlethough	1
kindlethanks	1
kindlesuper	1
kindlestill	1
kindlesome	1
kindleseems	1
kindlers	1
kindleplease	1
kindlephonecomputeripadetc	1
kindlephone	1
kindleotherwise	1
kindleonly	1
kindleone	1
kindleno	1
kindlenjus	1
kindlenever	1
kindlen	1
kindlemy	1
kindleme	1
kindlemaybe	1
kindlemake	1
kindlelots	1
kindlekeep	1
kindleis	1
kindleiquest	1
kindleipadbest	1
kindlehours	1
kindlehope	1
kindlehip	1
kindlehd	1
kindlehave	1
kindlehappy	1
kindlegreat	1
kindlegood	1
kindleglad	1
kindlefun	1
kindlefor	1
kindlefireughthats	1
kindlefirethank	1
kindlefireeven	1
kindleeth	1
kindleedition	1
kindleeasy	1
kindleeasily	1
kindleeasier	1
kindledont	1
kindledifferent	1
kindlecant	1
kindleby	1
kindlebooooo	1
kindlebest	1
kindlebeen	1
kindleawesome	1
kindleas	1
kindleany	1
kindlea	1
kindla	1
kindilfire	1
kindile	1
kindergarten	1
kinder	1
kindeli	1
kindele	1
kinddle	1
kindale	1
kindait	1
kim	1
killingfor	1
killeri	1
killerand	1
killa	1
kil	1
kiindle	1
kidswish	1
kidswhoever	1
kidsmoms	1
kidslol	1
kidsif	1
kidsfamilyfriendsyou	1
kidseveryone	1
kidsadults	1
kidney	1
kidmiddots	1
kidfriendly	1
kiddingit	1
kiddinga	1
kiddies	1
kidblack	1
kickoff	1
ki	1
khz	1
kfhd7	1
kfhd	1
kfhaving	1
keysbut	1
keylie	1
keyit	1
kevel	1
kerps	1
kerp	1
keps	1
kepler	1
kep	1
kendrick	1
kendol	1
kendalso	1
ken	1
kekeoeoekke	1
keith	1
keewl	1
keepsyou	1
keepssome	1
keepp	1
keepit	1
keeperi	1
keeped	1
keepcoming	1
keemindacut	1
keeep	1
kee	1
ke	1
kciks	1
kc	1
kbihijonknjvv	1
katre56comcastnet	1
kathy	1
katamp34	1
kat	1
kasie	1
kart	1
karilynloves	1
karen	1
kaplan	1
kant	1
kandinsky	1
kan	1
kaiya	1
kaitlyn	1
kairosoft	1
kady	1
kaboom	1
jxbueb	1
jxb	1
jvyfyf	1
juts	1
justuse	1
justlove	1
justinjamesand	1
justicia	1
justice	1
justflies	1
justbarely	1
justawesomeeth	1
jury	1
jurors	1
junky	1
junior	1
jungle	1
junctions	1
jumpy	1
juled	1
juices	1
juggle	1
juegomuy	1
judiciary	1
judgmental	1
judgment	1
judd	1
jt	1
jsweet	1
jswait	1
jslad	1
jsjssjsjssjszb	1
jrotc	1
joyride	1
joyous	1
joyits	1
joyful	1
joyed	1
joyce	1
jow	1
journeys	1
journeyoverall	1
journeynow	1
journeying	1
jot	1
jong	1
jonezing	1
jonesing	1
jolly	1
jokes	1
joinhmmjmfsfsfdgxssgggd	1
johns	1
jogging	1
jody	1
jockied	1
jockeys	1
jobkeep	1
jobhe	1
jobenjoying	1
jobbbbbbbbbbb	1
jnbgfgb	1
jmac57	1
jkid	1
jkdjdjdjdkddkdjdjdj	1
jjxjzjsjajffgjopkhgt	1
jjiiwkwkskskjsdjdjcj	1
jjgjbvjvvjb	1
jjejejekekdksks	1
jitters	1
jitterbug	1
jips	1
jingle	1
jim	1
jihjv	1
jhyggg	1
jhjkklb	1
jhfdthf	1
jh	1
jgsv	1
jfk	1
jfhhdudufhfhjeiskdjdhhdhsjsjdjdjje	1
jf2fjf2fn	1
jewish	1
jewelsquot	1
jewelqwest	1
jewelquest	1
jewel34	1
jeusus	1
jetpack	1
jet	1
jessica	1
jesses	1
jesse	1
jessa	1
jerny	1
jerk	1
jeporady	1
jensen	1
jenner	1
jem	1
jellyquot	1
jellyoldies	1
jellyit	1
jellyfish	1
jellyfilled	1
jellycovered	1
jellyamp34	1
jello	1
jelliesthose	1
jelliestakes	1
jelliessome	1
jelliesnice	1
jelliesgone	1
jellies34what	1
jell	1
jejdkekdkdjd	1
jeep	1
jeanne	1
jealousnot	1
jealouslol	1
jdollsverizonnetfree	1
jdkdodod	1
jdjdkskejeje	1
jcjcuhdbdcjhd	1
jbvggdf	1
jbv	1
jazzy	1
jazzed	1
jaxn	1
jaws	1
java	1
jaosx	1
jane	1
jammedthis	1
jamesonlove	1
james	1
jamaica	1
jajdjxjb	1
jajaja	1
jaime	1
jailbait	1
jail	1
jaelyn	1
jaejae	1
jae	1
jaded	1
jacuzzis	1
jackson	1
jackpots	1
jackpotalways	1
jacking	1
jackie	1
jabs	1
ja	1
izzy	1
iz	1
iyoull	1
ixaboslutely	1
ix	1
iwth	1
iwouldnt	1
iwas	1
iver	1
ivan	1
iugbmkoojggyujbvfgy	1
itzelda161aolcom	1
ityoure	1
ityoull	1
ityeahplay	1
ity	1
itwow	1
itwould	1
itwill	1
itwhether	1
itwhatever	1
itwell	1
itwe	1
itwasnt	1
itwants	1
itv	1
iturn	1
itupdate	1
itunless	1
itttttttiexcl	1
itttttt	1
ittry	1
ittook	1
ittoo	1
ittho	1
itthere	1
ittheir	1
itthat	1
itt	1
itsweet	1
itstherayray	1
itstay	1
itspouse	1
itspeaking	1
itsorryit	1
itsometimes	1
itsigh	1
itsi	1
itshes	1
itsgoodtohave	1
itsfun	1
itsfree	1
itsend	1
itselfthank	1
itself34	1
itsedgwick	1
itsawesome	1
itsalso	1
itrs	1
itreally	1
itraises	1
itquotas	1
itq	1
itpuzzle	1
itpresents	1
itplays	1
itpeople	1
itpasses	1
itotherwise	1
itother	1
itonce	1
itnto	1
itnon	1
itnice	1
itmore	1
itminimal	1
itmakes	1
itlots	1
itlong	1
itlllllllllll	1
itlikea	1
itlet	1
itlcdf	1
itknow	1
itkim	1
itkeep	1
itjxjjdjsjsjjzjxhhxhc	1
itive	1
itisareallygoodandaddictinggame	1
itinteresting	1
itilove	1
itill	1
itiit	1
itiexcliexcliexcliexcl	1
ithope	1
ithmmmm	1
ithink	1
ithelps	1
ithellipso	1
ithe	1
ithaving	1
ithate	1
ithasnt	1
ithaha	1
itgr8	1
itgotta	1
itglad	1
itfrustrated	1
itfreezes	1
itfinally	1
itexcept	1
iteverything	1
itevery	1
iteventually	1
itespecially	1
iterations	1
itepic	1
itenjoy	1
itemsyou	1
itemsnot	1
itemslives	1
itemslevels	1
itemsjust	1
itemsi	1
itemsbut	1
items2candy	1
iteams	1
itdownload	1
itdown	1
itdot	1
itdiwn	1
itdidnt	1
itdid	1
itdenise	1
itdeleteits	1
itdeleted	1
itdef	1
itcrawling	1
itcouldnt	1
itcould	1
itconnie	1
itcompetitive	1
itchallenging	1
itcantilever	1
itbuy	1
itbugging	1
itbtw	1
itblah	1
itbj	1
itbio	1
itbig	1
itbeware	1
itbam	1
itask	1
itasap	1
itas	1
itanybody	1
itany	1
itamp603	1
italright	1
itagain	1
itaddict	1
it3have	1
it34s	1
it1111	1
it1	1
it0	1
isyou	1
iswoooowoooo	1
isway	1
iswas	1
isvery	1
isuzu	1
isthere	1
ist	1
issuses	1
issuesuntil	1
issueslike	1
issues1	1
issuejust	1
issince	1
issabella	1
isrigged	1
isrevised	1
isreallyannoying	1
israeumll	1
isquite	1
isps	1
ispitiful	1
isoverrated	1
isould	1
isother	1
iso	1
isn	1
ismales	1
iskindle	1
isis	1
isim	1
isif	1
ishellip	1
isgame	1
isee	1
isdidnt	1
iscant	1
isby	1
isboring	1
isbn	1
isbe	1
isawesome	1
isant	1
isaiah	1
isaac	1
is5	1
irs	1
irritations	1
irritatingthey	1
irritant	1
irritable	1
irresponsibly	1
irresistibleit	1
irregardless	1
ironically	1
irks	1
irate	1
iraq	1
iquotlearning	1
iquite	1
iq	1
iput	1
ipset	1
ipos	1
ipodsquot	1
ipodand	1
iphoneyou	1
iphonewhen	1
iphonethis	1
iphonethe	1
iphonesi	1
iphoneipad	1
iphonehelp	1
iphone4	1
ipadthis	1
ipadkindle	1
ipadits	1
ipadiphone	1
ipadim	1
ipad2	1
ioved	1
iove	1
iota	1
iosandroid	1
ioose	1
iooooooooooooooooooooooove	1
iomg	1
iodine	1
involvmentnot	1
involvedwill	1
involvedwhoever	1
involvedjust	1
involuntarily	1
invoked	1
invitesi	1
invisible	1
invests	1
invest34	1
inventory	1
inventors	1
invention	1
inventedi	1
inventedbut	1
invasive	1
invasion	1
invariably	1
invades	1
invaders	1
invaded	1
inunder	1
inundated	1
inuit	1
intune	1
intuitivebut	1
intrustions	1
introducing	1
introduces	1
intriguingi	1
intrigues	1
intricate	1
intricacies	1
intresting	1
intrest	1
intreging	1
intolerable	1
intices	1
inthoroughly	1
inthe	1
interweb	1
interviewed	1
interventionstill	1
interventionplease	1
interventioni	1
intervene	1
interval	1
interuption	1
interupt	1
intertwined	1
interttaining	1
intertertaned	1
intertaning	1
intertanied	1
intertaneing	1
intertaing	1
intertain	1
intersting	1
intersted	1
interst	1
interspersedif	1
interrupts	1
interrompantall	1
interpersonal	1
interning	1
internetfirst	1
internet34	1
international	1
intermixing	1
intermittently	1
intermissions	1
intermingled	1
intergalactic	1
interference	1
interestlove	1
interestkng	1
interestingunique	1
interestingshould	1
interestinglooks	1
interestingit	1
interestingentertaining	1
interestingchallenging	1
interesti	1
interesteveryone	1
interesteed	1
interestedwould	1
interestedthen	1
interestedthanks	1
interestedbut	1
interestedbonnie	1
interestdoes	1
interestand	1
interduced	1
interchangeably	1
interchangeable	1
interacts	1
intently	1
intentional	1
intented	1
intensifying	1
intenseull	1
intensenot	1
intenseit	1
intendedi	1
intellectually	1
integrity	1
integrating	1
integrates	1
integral	1
intangible	1
insync	1
insurmountable	1
insulted	1
insulin	1
insufficient	1
insufferable	1
instuctions	1
instrumental	1
instrument	1
instructionsobjective	1
instructed34	1
instituted	1
instering	1
insted	1
instantlyi	1
installthis	1
installl	1
installbut	1
installations	1
installation	1
instagramdreamkeemcum	1
inspiring	1
inspires	1
inspire	1
inspirational	1
insomniatrying	1
insistence	1
insidious	1
insidethanks	1
insideous	1
insertions	1
insentives	1
inquiries	1
inquire	1
inotherwords	1
inot	1
inordinate	1
innumerable	1
innuendos	1
innow	1
innovated	1
innovate	1
innocently	1
innerchild	1
inner	1
inne	1
innanlong	1
inn	1
inmake	1
inlove	1
inless	1
inlaw	1
inkling	1
ink	1
injuries	1
injoyed	1
init	1
inherent	1
ingredientsclear	1
ingreat	1
ingest	1
infuriatingtry	1
infuriate	1
infruriating	1
infringement	1
infringed	1
infrequently	1
infrequent	1
informs	1
informing	1
influx	1
influencegameplaycandy	1
inflexible	1
infill	1
infernal	1
infecting	1
infected	1
infancy	1
infact	1
inexspensive	1
inexplicable	1
inexpensively	1
inevitably	1
inept	1
ineeed	1
industryif	1
industrydont	1
industries	1
indulging	1
indulgent	1
individule	1
individualy	1
indicative	1
indicating	1
indicate	1
indepth	1
incurring	1
incurable	1
incur	1
incremental	1
increment	1
increasinly	1
increasesas	1
increaseing	1
incovenience	1
incourages	1
incorporates	1
incorporate	1
inconveniences	1
incontinence	1
inconsistency	1
incomingcalls	1
incomes	1
inclusive	1
incidents	1
incidentally	1
inches	1
incentivizing	1
incentivethere	1
incarnation	1
incapable	1
inc	1
inboxes	1
inboard	1
inatructions	1
inappropriately	1
inapppurchases	1
inalso	1
inadvertent	1
inadequate	1
inable	1
ina	1
impulsive	1
impulses	1
improvment	1
improvementno	1
improvedkennedi	1
impress	1
impossobile	1
impossibleyet	1
impossibleso	1
impossiblepeople	1
impossiblejust	1
impossibility	1
imposablebut	1
importanti	1
imply	1
implementation	1
impacts	1
imminentcandy	1
imminent	1
immidiately	1
immersing	1
immersedbuild	1
immersed	1
immediatly	1
immediaterepliescause	1
immediatelyuntil	1
immediarely	1
immaturity	1
imlovinit	1
imitators	1
imitatedbut	1
imi	1
imhoactually	1
imam	1
imagining	1
imagineanyone	1
imaginativeand	1
imaginary	1
imafraid	1
imaddicted	1
imac	1
ily	1
iluvcandycrush	1
iloveitthank	1
iloveit	1
illustrations	1
illustrate	1
illusion	1
illistrations	1
ikesodecrushbetter	1
ikarnkerr436gmailcom	1
ijs	1
iives34	1
iit	1
iinvite	1
iinstead	1
iiiiiiiiiiiiisssssssssssss	1
iiiiiiiiiiiiii	1
iigvhgjjvffhkoihffvbjkkjvhjjtr	1
iif	1
iheart	1
ihate	1
igreat	1
ignores	1
ignoredha	1
ignorant	1
ignorance	1
ig	1
ifyou	1
ify	1
ifunny	1
ifs	1
ifriends	1
iflevels	1
ifi	1
iffy	1
iexcleth	1
iexcl	1
iewhat	1
ievels	1
iehow	1
iecooking	1
ieally	1
idols	1
idnt	1
idly	1
idling	1
idlei	1
ididnt	1
identityprogress	1
identityone	1
identifying	1
ideashamefuli	1
ideaof	1
ideally	1
iddle	1
idc	1
icy	1
icu	1
icrap	1
icontinue	1
iconswill	1
icompetitor	1
ick	1
icings	1
icetotally	1
ic	1
iblove	1
iassume	1
ianything	1
iams	1
iacute	1
i5	1
i34ve	1
i34ll	1
hz	1
hysterical	1
hypocrite	1
hypnotizing	1
hyperwhich	1
hypeaddiction	1
hygiene	1
hydrate	1
hyde	1
hy	1
hw	1
hvyfy	1
hvubiyvyvybubi	1
hvhb	1
hve	1
huzzah	1
hutch	1
hustled	1
hussy	1
hussel	1
husnad	1
husbandlove	1
husbandi	1
hurricanes	1
hurrayhurray	1
hurrah	1
hunts	1
hunters	1
hunk	1
hungrythere	1
hungryfor	1
hungery	1
hundredmilliondollar	1
hun	1
humor	1
hummmmwellfunbut	1
hummmmm	1
humbug	1
humble	1
humanzombie	1
humans	1
humanoids	1
humanly	1
humanity	1
hum	1
hulu	1
hullabaloo	1
hugs	1
huggingtv	1
hugging	1
hugged	1
huggable	1
hug	1
huff	1
hudband	1
hud	1
hucksters	1
hubbys	1
hubbies	1
httptinyurlcoml4xesdq	1
httpclashofclanshelpercom	1
http	1
hrewsg	1
hrandmaw	1
hoyfriend	1
howv	1
howto	1
howrather	1
howmuch	1
howie	1
howeverthis	1
howeverthe	1
howeverin	1
howeverif	1
howeverand	1
housing	1
houseworki	1
houseworkget	1
houseworkcooking	1
housewives	1
houseso	1
houses	1
housenet	1
housekeeper	1
hourthis	1
hourswithout	1
hoursunless	1
hoursthis	1
hourstalk	1
hoursr	1
hoursplan	1
hoursor	1
hourslove	1
hourslots	1
hourslol	1
hourslloris	1
hourskeeps	1
hoursjust	1
hourshope	1
hoursdownlaod	1
hoursdidnt	1
hours3	1
hours10	1
hourly	1
hourlol	1
houri	1
hourband	1
hounding	1
hotties	1
hotshot	1
hotel	1
hostile	1
hospitalized	1
horton	1
horsted	1
horsesheet	1
horses	1
horrors	1
horrific	1
horridly	1
horrid	1
hopping	1
hoorayplay	1
hooplah	1
hooped	1
hooker	1
hookedyup	1
hookedwhich	1
hookedwhen	1
hookedwell	1
hookedwe	1
hookedtotally	1
hookednever	1
hookedmany	1
hookedlots	1
hookedits	1
hookedgotta	1
hookedenjoy	1
hookedcandy	1
hookedasking	1
hookedand	1
hooked34	1
hookand	1
hoodwinked	1
hoods	1
hoodoo	1
honors	1
honored	1
honking	1
honing	1
hong	1
honestlywhile	1
honestlymad	1
honestit	1
hondamy	1
hometown	1
homethanks	1
homepath	1
homemade	1
holmes	1
hollyall	1
holloween	1
hollery	1
holla	1
hold34	1
hohum	1
hoest	1
hodgkin	1
hock	1
hobbywoooooooooo	1
hoaxif	1
hoarding	1
hmmmmmmm	1
hmmmmi	1
hmmmis	1
hmmmi	1
hm	1
hjj	1
hj	1
hives	1
hither	1
hitches	1
historys	1
historyas	1
historians	1
histogram	1
hissed	1
hiss	1
hisher	1
hired	1
hipster	1
hipped	1
hiphop	1
hinttip	1
hintsupdate	1
hintssave	1
hintsmoves	1
hinky	1
hink	1
hindi	1
himself	1
hillya	1
hill	1
hiley	1
hijack	1
highway	1
hightlight	1
hightest	1
hightech	1
hight	1
highs	1
highquality	1
highlyhard	1
highlly	1
highlights	1
highlight	1
highky	1
highervery	1
higherlevels	1
higherlevel	1
highadditional	1
higha	1
hie	1
hidingwhile	1
hideous	1
hid	1
hiatus	1
hhjth	1
hhhu	1
hhhgf	1
hgg	1
hgff	1
hgdsszxxzerfgbbbb	1
hgchgcjhvkhvhxgx	1
hgbffg	1
hfguhfghhggggvbjjjgddf	1
hfcftggvv	1
heyits	1
heyhere	1
hexis	1
hetty	1
het	1
hesseed	1
hesitation	1
hery	1
herswhile	1
herring	1
herren	1
herpjnderpjnher	1
herosi	1
herosaga	1
heroesquot	1
heroespapa	1
heri	1
heretotally	1
heretaniella	1
hereshes	1
herequot	1
hereonly	1
herenow	1
herejust	1
hereit	1
herehere	1
herebye	1
herebeen	1
hereall	1
herby	1
herbs	1
heralds	1
hencethe	1
hem	1
helpwith	1
helptotally	1
helpthis	1
helpthey	1
helpstuck	1
helpssame	1
helpsor	1
helpsgood	1
helpnever	1
helpmakes	1
helplove	1
helplike	1
helplessly	1
helpingit	1
helpingamp34	1
helpgrandma	1
helpfun	1
helpfulto	1
helpfulthanks	1
helpfu	1
helpersso	1
helpersnow	1
helpdevelopers	1
helpbut	1
helpand	1
helpamp34	1
helpalso	1
helpaddicting	1
help6	1
help3	1
help1	1
helop	1
hellwhere	1
hells	1
hellooooo	1
hellllllllllp	1
hellipreach	1
helliphelliphellip	1
hellipcant	1
hellip	1
hella	1
hell34	1
hekkk	1
heightshave	1
heights	1
hehehhehe	1
heheheit	1
hehehe	1
heheh	1
heelllppp	1
heelless	1
heed	1
heeboy	1
hedge	1
hebrides	1
heavenswas	1
heats	1
heartsorry	1
heartslives	1
heartsick	1
heartbroken	1
hears	1
heardthe	1
healthybut	1
healthier	1
heals	1
heaet	1
headi	1
hdxwhere	1
hdxis	1
hdvsvwhshd	1
hdvsb	1
hdvery	1
hdthis	1
hdthanks	1
hdsome	1
hdquot	1
hdlol	1
hdit	1
hdhope	1
hdapprove	1
hdand	1
hcgdsdfghgvfggg	1
hcenhancing	1
hbuvyf	1
hbjjdddgghj	1
hbh	1
hbbbaajjshhsvgshsjn	1
hazy	1
hazards	1
haywire	1
haww	1
hawould	1
haw	1
havoc	1
havng	1
havingto	1
havibg	1
havethis	1
havethe	1
haveso	1
haver	1
havequot	1
havenow	1
havenbt	1
haven34t	1
havemore	1
haveit	1
havei	1
havehubby	1
havefor	1
havefew	1
havedone	1
havedo	1
haved	1
havebad	1
haveany	1
have2cwait	1
hau	1
hatersi	1
haters	1
hater	1
hatelovethis	1
hatefest	1
hatchet	1
hatched34	1
hatch	1
hasty	1
haste	1
hassling	1
haslike	1
hasi	1
harts	1
hars	1
harrassing	1
harrass	1
harmlessly	1
harming	1
hares	1
hardyou	1
hardwhen	1
hardtook	1
hardthen	1
hardthanks	1
hardour	1
hardlol	1
hardimpossible	1
hardif	1
hardfor	1
harderwould	1
harderwith	1
harderunbelievable	1
harderthe	1
harderthanks	1
hardernp	1
harderbrain	1
harderalso	1
hardder	1
hardcan	1
harassement	1
har	1
happywhen	1
happytrying	1
happythank	1
happysad	1
happyplease	1
happykeep	1
happyit	1
happyhappyhappy	1
happyexcited	1
happyanyone	1
happyaddicted	1
happg	1
happer	1
happenthis	1
happensyou	1
happensthe	1
happenstance	1
happenpriceless	1
happenmusic	1
happenits	1
happeningi	1
happenedhow	1
happened34	1
happendid	1
happ	1
haphazardly	1
hannahs	1
hannah	1
hangups	1
hangover	1
hangout	1
hangers	1
hanged	1
handsomely	1
handsome	1
handling	1
handing	1
handily	1
handi	1
handdo	1
handcant	1
handall	1
han	1
hampr	1
hampered	1
hammeronthetable	1
hammering	1
hammeers	1
halves	1
halt	1
hallelujah	1
halfs	1
halfheartedly	1
haj	1
hairloli	1
hairha	1
hairdressers	1
hairdresser	1
hail	1
hai	1
hahhahahah	1
hahere	1
hahalots	1
hahahahahkeep	1
hahahahahacandy	1
hahahahah	1
hahahaha	1
hadit	1
hadhave	1
hades	1
hadany	1
hacks	1
habitually	1
habitquot	1
habitoverall	1
habitlove	1
habitforming	1
habe	1
habbit	1
hab	1
haahaa	1
gyving	1
gyp	1
gyjhddewrhhfsehj	1
gyf	1
gxgjxhhrsm	1
gvibd	1
gvfg	1
gv	1
guzzling	1
guyth	1
guysso	1
gustar	1
gusta	1
gurus	1
gunthank	1
gunn	1
guna	1
gummys	1
gummies	1
gumdrops	1
guite	1
guit	1
guiding	1
guestion	1
guessthis	1
guessmost	1
guessbut	1
gucci	1
guarantees	1
guam	1
gtg	1
gtelove	1
gteat	1
gtaphics	1
gta	1
gsmejust	1
grwat	1
grumpy	1
grt	1
grsndkids	1
grrs	1
grrrrrrrrr	1
grrrrr	1
growth	1
growsa	1
grownupsits	1
grownup	1
growl	1
groupstry	1
groupings	1
grouped	1
groupdo	1
group34	1
grou	1
grossing34	1
grossing	1
gross	1
groovy	1
groove	1
groops	1
grood	1
groceries	1
groaned	1
groan	1
grippingyou	1
grins	1
grindstaffhollingdaleemail	1
grinch	1
grimey	1
grilled	1
grieving	1
grids	1
grid	1
greyed	1
greta	1
grest	1
greg	1
greenland	1
greeeeeeeeeeeeeeeat	1
greedyf	1
greedyass	1
greedthen	1
greece	1
greeat	1
greatyou	1
greatworks	1
greatway	1
greatwatch	1
greatttttttttttttttttttttt	1
greattt	1
greattil	1
greats	1
greatreally	1
greatno	1
greatness1	1
greatim	1
greathoweverwhen	1
greathint	1
greathavent	1
greatgreatgreat	1
greatgrandson	1
greatgranddaughter	1
greatgrandchildren	1
greatgot	1
greatglad	1
greatgameso	1
greatgames	1
greatfunaddictivefun	1
greatful	1
greatfor	1
greatfantasticits	1
greatesthopefully	1
greaterlove	1
greateasy	1
greate	1
greatdp	1
greatchallenges	1
greatcant	1
greatbut	1
greatbt	1
greatand	1
greataddictive	1
greasy	1
grear	1
greaaaaat	1
grea	1
gravity	1
gratitude	1
grating	1
gratificaiton	1
gratefully	1
gratefule	1
grass	1
graqphlc	1
grapics	1
graphicswoo	1
graphicsthe	1
graphicsits	1
graphicsit	1
graphicsi	1
graphicshelliphelliphelliphelliphelliphellipwhat	1
graphicsheavy	1
graphicsfunskill	1
graphicsdaily	1
graphicsconnection	1
graphicschildishdont	1
graphicsbut	1
graphicsand	1
graphical	1
grape	1
granting	1
grannys	1
grannies	1
grankids	1
granjeou	1
grandsonwho	1
grandsonwas	1
grandsontoo	1
grandsonnot	1
grandsonit	1
grandsonas	1
grands	1
grandkidsthoroughly	1
grandiose	1
grandfathereveryone	1
grandfather	1
grande	1
granddude	1
granddaughterscontinue	1
granddaddy	1
grandchilds	1
grandchilderen	1
grandbabie	1
gran	1
grams	1
grames	1
graghics	1
graffics	1
graet	1
graduationif	1
grading	1
gradification	1
gradegameplay	1
grad	1
gracious	1
gr88888888888888888	1
gr	1
gqm	1
gpod	1
goyou	1
gowell	1
govfry	1
gov	1
gouge	1
gotogame	1
gothink	1
gothe	1
goteem	1
gotand	1
gota	1
goses	1
gordon	1
gor	1
gooooooooood	1
goooooookooood	1
gooooo	1
goood	1
googling	1
googles	1
googlefinally	1
goofing	1
goof	1
gooey	1
goodyet	1
goodxvx	1
goodwe	1
goodvery	1
goodver	1
goodtrying	1
goodthen	1
goodsome	1
goodshe	1
goodsad	1
goodplay	1
goodok	1
goodnight	1
goodluck	1
goodlove	1
goodlooses	1
goodlooking	1
goodim	1
goodiesquot	1
goodgreatbest	1
goodgood	1
goodgame	1
goodfive	1
goodexcellent	1
goodenjoy	1
goodd	1
goodcandycrushislifebackoffhatersget	1
goodbyethis	1
goodbut	1
goodat	1
goodaddicting	1
good34	1
gono	1
gonneyond	1
goning	1
gongingsecond	1
goneyou	1
goneuntil	1
goneliked	1
goneguess	1
gomore	1
goldcoins	1
goldbars	1
gold34	1
gokeep	1
goingyou	1
goinglove	1
goingits	1
goingi	1
goingeven	1
goingdont	1
goingdoes	1
goim	1
goif	1
goid	1
gogreat	1
goget	1
gogbyo	1
gog	1
goesthere	1
goespecially	1
goentertainment	1
godthis	1
godont	1
godmother	1
godforsaken	1
goddaughter	1
godbaby	1
gobstocker	1
goblins	1
gobbler	1
gobble	1
gobbeling	1
goat	1
goalsvery	1
goalspoints	1
goalsis	1
goalpissed	1
goads	1
gnu	1
gnocchi	1
gnarly	1
gmaw	1
gmae	1
gma34	1
glutton	1
gluteus	1
glues	1
glucose	1
glsd	1
glowing	1
glow	1
glove	1
glossy	1
glorified	1
gloria	1
globe	1
glitchi	1
glitchesvariety	1
glitchesfun	1
gliches	1
glee	1
glaring	1
gladiator	1
gkad	1
gjnbh	1
gjnb	1
gjjh	1
gizmo	1
givs	1
givingi	1
giveseventually	1
givenwhen	1
givenhelp	1
givenfun	1
giveit	1
givecandy	1
giveaway	1
girt	1
girlie	1
girli	1
gire	1
giraffe	1
giobde	1
ginie	1
gingle	1
gina	1
gimmicky	1
gimmck	1
gigi	1
giggles	1
giggle	1
giftssent	1
gifting	1
giftand	1
gide	1
giant	1
ghtghff	1
ghnjjh	1
ghe	1
ghccvb	1
ghbjbj	1
ghbguh	1
gh	1
ggvc	1
ggulley10	1
ggod	1
gghbffg	1
ggghhjjbbhbg	1
gggggggggggggaaaaaaaaaaaaammmmmmmmmmmmmeeeeeeeeeeeeeiiiiiiiiiiiiittttttttttttt	1
gggg	1
gg	1
gfs	1
gfdwaab	1
gfddfv	1
gfcvfhbvitbwsazqpoljnmokiunhbtgfcbgljnbh	1
gey	1
geuss	1
getyou	1
getva	1
getup	1
gettingan	1
getter	1
getta	1
getslots	1
getscandy	1
getmy	1
getmoney	1
getm	1
getlol	1
getits	1
gethave	1
gethappy	1
getgo	1
getgive	1
getfriends	1
geteveryone	1
getevery	1
getcandy	1
getbto	1
getan	1
gesture	1
germ	1
georgia	1
georgette	1
genuineness	1
genuine	1
gently	1
gentlemens	1
gentle	1
gens	1
genremy	1
genial	1
genesis	1
generousthere	1
generously	1
generosity	1
generic	1
generators	1
generational	1
generating	1
generatesi	1
generalgreat	1
genders	1
gemma	1
gemlike	1
gels	1
geletine	1
geezzzzz	1
geezer	1
geeks	1
geekonugetts	1
gee	1
geat	1
geary	1
gears	1
gearcomputerkindelphonepicks	1
gdtting	1
gdhf	1
gdghlggfdxcg	1
gdfg	1
gcs	1
gcfssc	1
gbs	1
gbi	1
gbfhbf	1
gbffh	1
gbet	1
gbcfb	1
gay	1
gawbreakers	1
gaurenteed	1
gauging	1
gauged	1
gathers	1
gathered	1
gat	1
gassy	1
garners	1
garmes	1
gargle	1
garentee	1
gardenscape	1
gardening	1
garden	1
garbageuninstalledforever	1
gapes	1
ganstar	1
ganna	1
gangster	1
gangsta	1
gang	1
gandhi	1
gandchildren	1
gams	1
gamingpart	1
gamingis	1
gamill	1
gameyo	1
gameyard	1
gamewildly	1
gamewho	1
gamewhile	1
gamewhich	1
gamewellguess	1
gamewc	1
gameway	1
gamewatch	1
gamewas	1
gamewaited	1
gameuy	1
gameupdateas	1
gameupdate	1
gamety	1
gametwenty	1
gametrust	1
gametrays	1
gametpkibbe55yahoocom	1
gametop	1
gametook	1
gametons	1
gametime	1
gamethought	1
gamethey	1
gamethan	1
gametdw	1
gametanya	1
gametammy	1
gametakes	1
gamet	1
gamesy	1
gameswill	1
gamesweg	1
gamesvery	1
gamesuser	1
gamesure	1
gamesuper	1
gamesuntil	1
gamestime	1
gamestill	1
gamesthey	1
gamesthe	1
gamesters	1
gamester	1
gamestare	1
gamessry	1
gamesrun	1
gamesquot	1
gamesprinkle	1
gamesor	1
gamesoooo	1
gamesno	1
gamesmaybe	1
gamesmatch	1
gameslove	1
gameslife	1
gameslevels	1
gameslet	1
gameskeep	1
gamesits	1
gamesimilar	1
gamesim	1
gamesies	1
gamesholds	1
gameshes	1
gameshave	1
gameseven	1
gamesenjoy	1
gameseems	1
gamesdont	1
gamesdam	1
gamescompanies	1
gamescom	1
gamescandy	1
gamesblogs	1
gamesare	1
gamesappsbooks	1
gamesame	1
gamesalthough	1
gamesa	1
gamerthey	1
gamerstimers	1
gamersit	1
gamerdownload	1
gamercant	1
gamequite	1
gameput	1
gamepun	1
gameps	1
gameprosfun	1
gameprobably	1
gamepoints	1
gameplus	1
gameplease	1
gameplaythe	1
gameplaying	1
gameplayertalk	1
gameplayed	1
gameperfect	1
gamepeace	1
gameparticularly	1
gamep	1
gameover	1
gameour	1
gameotherwise	1
gameok	1
gameoh	1
gamenothing	1
gameni	1
gamend	1
gamen	1
gamemost	1
gamemindless	1
gamemiddot	1
gameme	1
gamemay	1
gamemakes	1
gamemakers	1
gamemake	1
gamelt3	1
gamelovely	1
gamelose	1
gameloads	1
gamelittle	1
gamelike	1
gamelevel	1
gamelaughed	1
gamekudos	1
gamekp	1
gamekiss	1
gamekeep	1
gamejeff	1
gamej	1
gameive	1
gameitself	1
gameinstructions	1
gamein	1
gameimthe	1
gameimposed	1
gameiexcl	1
gamehurry	1
gamehundreds	1
gamehighley	1
gamehere	1
gamehelp	1
gamehellipexcept	1
gamehe	1
gamehaving	1
gamehas	1
gamehappy	1
gamehalf	1
gamehad	1
gamegoogle	1
gamegoes	1
gameglad	1
gamegive	1
gamegets	1
gamegave	1
gamegame	1
gameg	1
gamefunchallenging	1
gamefull	1
gamefrustratingi	1
gamefro	1
gamefrickin	1
gamefour	1
gamefor	1
gamefine	1
gamefind	1
gamefinally	1
gamefeatures	1
gamefar	1
gameextremely	1
gameeveryvery	1
gameeveryday	1
gameeverybody	1
gameeth	1
gameetc	1
gameentertaining	1
gameenough	1
gameended	1
gameeeeeeits	1
gamedownload	1
gamedoes	1
gamedifficulty	1
gamedevelopment	1
gamedefinatley	1
gamedeceptively	1
gamedeanna	1
gamecute	1
gamecottoncandyies	1
gamecnet	1
gamecheeseness	1
gamechallengingcant	1
gamecan	1
gamebreaks	1
gameboringno	1
gameboards	1
gameboard	1
gamebecomes	1
gamebecause	1
gamebecame	1
gamebe	1
gameapproved	1
gameanyone	1
gameannoying	1
gameandas	1
gameamp34	1
gameamp	1
gameafter	1
gameabtw	1
game95	1
game62	1
game5	1
game3w	1
game34but	1
game3434try	1
game10282013	1
gamblingyou	1
gamblingperiod	1
gambler	1
galore	1
galilee	1
galbut	1
galazy	1
galaxy3	1
gail	1
gahgah	1
gaff	1
gaem	1
gae	1
gacy	1
gabriel	1
gab	1
g8cocofiibvhhh	1
g6	1
g5	1
g3	1
g2i	1
g2g	1
fyrdgg	1
fyee	1
fy	1
fwhile	1
fv	1
fuuuuuuun	1
fuuny	1
futuristic	1
futures	1
futher	1
fustrates	1
fustratem	1
fustrateing	1
fustrate	1
fusterating	1
fussingthe	1
fussing	1
fussed	1
fusion	1
fus	1
fury	1
furthertoothe	1
furtherplease	1
furtherit	1
furtheri	1
furthergo	1
furthereven	1
furtherest	1
furthered	1
furtherdont	1
furtherand	1
further34	1
furn	1
funyou	1
funyet	1
funyeah	1
funyay	1
funyall	1
funworth	1
funwith	1
funwill	1
funwatch	1
funwarning	1
funwant	1
fununtil	1
fununbelievable	1
funthus	1
funthough	1
funt	1
funst	1
funsoooo	1
funsomewhat	1
funsometimes	1
funsomelevels	1
funsimple	1
funshould	1
funshare	1
funsee	1
funsafe	1
funrelaxinghelps	1
funreally	1
funrage	1
funquot	1
funprovides	1
funpasses	1
funone	1
funonce	1
funnythe	1
funnykindle	1
funnow	1
funno	1
funnnnnnnnnnnn	1
funnnnnnnnnnn	1
funnnnnnnnnn	1
funnnnnnbbbbbbbbbb	1
funnnnnn	1
funnnnn	1
funnn	1
funness	1
funnel	1
funmymy	1
funmore	1
funme	1
funmaybe	1
funmany	1
funmakes	1
funmabe	1
funload	1
funlate	1
funl	1
funk	1
funiphone	1
funif	1
funhope	1
funhellip	1
funhad	1
fungreata	1
fungr8	1
fungot	1
fungod	1
fungladys	1
funglad	1
fungi	1
fungame	1
funfunnot	1
funfunfunthen	1
funfrustratingperplexingtriumphantit	1
funfrustratingly	1
funfreebies	1
funfree	1
funfell	1
funfeeling	1
funexitinglittle	1
funexcellent	1
funeveryone	1
funespecially	1
funellen	1
funeither	1
funeasyand	1
fundownload	1
fundizzle	1
fundispite	1
fundictive	1
fundefinitely	1
fundale	1
funcool	1
funchallengingi	1
funchalleging	1
funcathy	1
funcaptivating	1
funbig	1
funbetter	1
funat	1
funalthough	1
funaggravating	1
funadictivewish	1
funaddictingwaste	1
fun34	1
fum	1
fulltime	1
fullquot	1
fullness	1
fulldo	1
fullblown	1
fulfilled	1
fulfil	1
ful	1
fujitsu	1
fuji	1
fuels	1
fudge	1
fuchs	1
fto	1
fsil	1
fscenook	1
frying	1
fry	1
frusturated	1
fruststraiting	1
frustrationwhen	1
frustrationtizzy	1
frustrationi	1
frustrationbut	1
frustratingwish	1
frustratingwill	1
frustratingthis	1
frustratingthere	1
frustratingthen	1
frustratingsometimes	1
frustratingplease	1
frustratingplay	1
frustratingother	1
frustratingnever	1
frustratingmakes	1
frustratinglol	1
frustratingits	1
frustratingit	1
frustratingim	1
frustratinghope	1
frustratinghate	1
frustratinggreat	1
frustratinggood	1
frustratingentertaining	1
frustratingdont	1
frustratingcompany	1
frustratingchallenging	1
frustratingarthondarleneyahoo	1
frustratingannoying	1
frustratingaddictive	1
frustratin	1
frustrateing	1
frustratedwell	1
frustratedplease	1
frustratednever	1
frustratedi	1
frustrasting	1
frustraing	1
frusting	1
frustation	1
frustated	1
frusrersted	1
fruity	1
fruitcocktailjellohello	1
frozenup	1
frownie	1
froom	1
fronti	1
fromyou	1
fromthis	1
fromsince	1
fromreal	1
fromreading	1
fromchoose	1
froman	1
fromamazon	1
frnds	1
frm	1
frivolous	1
frist	1
frisbee	1
frineds	1
frinds	1
frind	1
frills	1
frighteningly	1
fries	1
friens	1
friendz	1
friendtwo	1
friendsyou	1
friendsyeahope	1
friendswould	1
friendswatch	1
friendsvery	1
friendstheyll	1
friendsthese	1
friendsthe	1
friendsrelatives	1
friendsreally	1
friendsone	1
friendson	1
friendsnot	1
friendsneat	1
friendsmy	1
friendsmr	1
friendsmaybe	1
friendskindle	1
friendskeep	1
friendsjust	1
friendsit	1
friendsis	1
friendshopper	1
friendshope	1
friendships	1
friendshate	1
friendsgood	1
friendsfamilyyay	1
friendsfamily	1
friendseasy	1
friendsds	1
friendscoworkers	1
friendscons	1
friendscan	1
friendsbut	1
friendsboth	1
friendsa	1
friends3	1
friendotherwise	1
friendlove	1
friendanxious	1
friemss	1
frieds	1
fricken	1
fri	1
frfrbut	1
frewh	1
fret	1
freshen	1
frenzies	1
frenz	1
frends	1
french	1
fremium	1
freindsim	1
freindsbut	1
freezez	1
freezesi	1
freeyou	1
freewhat	1
freetryi	1
freetoplayer	1
freetooi	1
freeto	1
freethis	1
freethen	1
freethats	1
freeplease	1
freepeople	1
freeotherwise	1
freeor	1
freends	1
freeking	1
freekin	1
freek	1
freeium	1
freeitd	1
freehavent	1
freehaha	1
freegod	1
freefree	1
freeenough	1
freee	1
freedownload	1
freedidnt	1
freed	1
freecandy	1
freebieits	1
freebees	1
freeand	1
freealso	1
free34	1
freddys	1
fred	1
freaky	1
freaksthis	1
freakishly	1
freaken	1
freaked	1
freacking	1
frazzleing	1
frastrating	1
frantic	1
franes	1
framework	1
frames	1
frameall	1
fragged	1
fractional	1
fpr	1
fouryearold	1
fourty	1
fourrr	1
fourier	1
foundmyself	1
founded	1
foucusing	1
foubfound	1
fot	1
fory	1
forwhats	1
forwarned	1
forwardto	1
forwardthanks	1
forwards	1
forwardit	1
forwarded	1
forvariety	1
forumsvery	1
forum	1
forthose	1
forthe	1
fort	1
forsurebuy	1
forsaken	1
forsake	1
forreal	1
forr	1
fornbspeveryone	1
formulary	1
formulaany	1
forms	1
formore	1
formingwhen	1
forminghavent	1
forminggreat	1
formingbut	1
formidable	1
forme	1
formation	1
formally	1
forlove	1
forlong	1
forlike	1
forks	1
forkindle	1
forhours	1
forhet	1
forgo	1
forgiving	1
forgive	1
forgetfulness	1
forfeit	1
forexample	1
forewarnedthey	1
forevery	1
foreverwhy	1
foreverwhat	1
foreverthe	1
foreverthank	1
foreverpriceless	1
forevernow	1
forevermore	1
foreverit	1
foreverin	1
foreverfinallyi	1
foreverand	1
forever62	1
foreve	1
forethought	1
forest	1
forehead	1
forefront	1
forecasting	1
fordward	1
forcedto	1
forcast	1
forbid	1
foranyone	1
fora	1
for499	1
for30	1
foot	1
fools	1
foolishly	1
fooledmy	1
foo	1
fone	1
fonda	1
followup	1
followsif	1
followons	1
followers	1
folk	1
folio	1
foley	1
folds	1
fol	1
fok	1
foil	1
focust	1
focusi	1
focuses	1
focued	1
focous	1
fo	1
flux	1
flustering	1
flushtration	1
flushing	1
flunk	1
fluidly	1
flubs	1
flu	1
floyd	1
flossing	1
floor	1
floating	1
flipside	1
flippin	1
flinguer	1
fling	1
flickering	1
fleece	1
flawsthe	1
flawsmost	1
flawlesslya	1
flawed	1
flavour	1
flavorless	1
flashplayer34	1
flashesmy	1
flashed	1
flare	1
flair	1
flagthe	1
fjord	1
fjjfjfjfjfjfnvjmvmbjfmcmcmckfkkdkd	1
fjfofj	1
fjcj	1
fixxingreat	1
fixquot	1
fixjob	1
fixgame	1
fixedthanks	1
fixednot	1
fixedincome	1
fixedbut	1
fixedalso	1
fixamp34	1
fixable	1
fix34	1
fivestars	1
fives	1
fiver	1
fiveneed	1
fitted	1
fitness	1
fisrt	1
fishmy	1
fishing	1
fishactually	1
fisb	1
firstbe	1
first34	1
firs	1
fireyou	1
fireyeah	1
fireyaythank	1
firewell	1
firetv	1
firethere	1
firethen	1
firethe	1
firethanks	1
fireso	1
firesgreat	1
firers	1
firer	1
firephonecomputer	1
fireone	1
firenow	1
firenot	1
firemy	1
firemost	1
firelooking	1
firekindle	1
firekeep	1
fireive	1
fireiphone	1
fireim	1
firehowevermy	1
firehellipsexy	1
firehd	1
firegraphics	1
firegames	1
firegame	1
firefox	1
firefor	1
firefinally	1
firef	1
firedownloaded	1
firedi	1
firecouldnt	1
firebest	1
fireball	1
fireawesome	1
firealot	1
fire6	1
fird	1
finnely	1
finnally	1
finley	1
finishtoo	1
finishnbsp	1
finishingbut	1
finishi	1
finicky	1
fingertips	1
fing	1
finestwarning	1
finest	1
fineshe	1
finer	1
findnew	1
findle	1
finder	1
findcandy	1
financiallyquotwe	1
financially	1
finances	1
finallyyy	1
finallythanks	1
finallythank	1
finallymade	1
finallyits	1
finallyamp	1
finallyall	1
finaaly	1
fimaly	1
fimally	1
filter	1
fillings	1
fillerdistraction	1
filledpile	1
filickering	1
files	1
filed	1
fiji	1
figures	1
figuref	1
fig	1
fiftyalso	1
fiftieth	1
fifteenth	1
fifhfk	1
fifa14	1
fieroit	1
fiends	1
fiendishly	1
fiendish	1
fiending	1
fidgety	1
fiddling	1
fiddle	1
fibro	1
fiancee	1
fhfhfh	1
fhfb	1
fhdgb	1
fghjogfdrfbjif	1
fg	1
ffacebook	1
ff	1
fey	1
fewr	1
fevercandy	1
fever34	1
feud	1
fetish	1
fetch	1
fersure	1
ferrari	1
fern	1
fended	1
feelingwas	1
feeling34	1
feelgood	1
feelcompelled	1
feehan	1
feeble	1
feeas	1
federal	1
feces	1
feb	1
featurewould	1
featuresthe	1
featurei	1
featuregreat	1
featured	1
feast	1
fearing	1
feaginmillmiddleschool	1
fdr	1
fddthxbgfbt	1
fda	1
fbrelaxing	1
fbook	1
fbkinda	1
fbjghgg	1
fbif	1
fbf	1
fawning	1
favp	1
favotite	1
favortie	1
favorits	1
favoritr	1
favoritest	1
favoritesome	1
favoriteist	1
favoritei	1
favoritego	1
favoritechocolate	1
favorie	1
favore	1
favordont	1
favorate	1
faviret	1
fats	1
fatisfaccion	1
fateful	1
fatal	1
fastwish	1
fastthough	1
fastthe	1
fastpace	1
fastneeds	1
fastmakes	1
fastgood	1
fastget	1
fastestonly	1
fastest	1
fasterthats	1
fasteri	1
fasted	1
fastbut	1
fastand	1
fashioned	1
fascinates	1
fascinated	1
faryou	1
farwish	1
farward	1
farts	1
farthough	1
fartherplz	1
farter	1
fart	1
faroh	1
farno	1
farlevel	1
farkle	1
farits	1
farif	1
farfrustration	1
farbuti	1
farbut	1
farblack	1
fanthis	1
fanskeep	1
fanominal	1
fanlove	1
fanially	1
fangled	1
fangirling	1
fangirled	1
fanged	1
fanfreakingtastic	1
fanfare	1
fanci	1
fanbut	1
fanatically	1
fanatical	1
fanatic	1
famle	1
familyyou	1
familywarning	1
familythanks	1
familysome	1
familyno	1
familyits	1
familyit	1
familyim	1
familygreat	1
familyfun	1
familyfriends	1
familyfavorite	1
familyexcellent	1
familyand	1
familyamp34	1
familu	1
familiarize	1
familiarbut	1
familar	1
fallwhen	1
fallow	1
fallon	1
fallingmatching	1
faliar	1
fakebook	1
faithfully	1
faith	1
fairy34	1
fairthis	1
fairness	1
fairit	1
fairies	1
fainted	1
failwhich	1
failwhat	1
failureseventually	1
failureas	1
failsafe	1
failit	1
failedthe	1
failedquot	1
failedamp34	1
faculty	1
factually	1
factthat	1
facts	1
factorsi	1
facti	1
facinated	1
facet	1
facenook	1
facebookvery	1
facebooktwo	1
facebookthis	1
facebookthe	1
facebookthank	1
facebookstates	1
facebookseveral	1
facebookquot	1
facebookor	1
facebooknow	1
facebooknot	1
facebookmaybe	1
facebookmatching	1
facebooklove	1
facebooklooking	1
facebooklol	1
facebooklocked	1
facebookjust	1
facebookive	1
facebookim	1
facebookhellipn	1
facebookfriends	1
facebooker	1
facebookenjoy	1
facebookdo	1
facebookcandy	1
facebookbest	1
facebookas	1
facebookany	1
facebookanother	1
facebookamp34	1
facebookalso	1
facbook	1
fabulously	1
fabulousjust	1
fabulous34	1
fabulois	1
ezras	1
eyeswhen	1
eyesthanks	1
eyelids	1
eyehandbrain	1
eyecatching	1
eyebrows	1
eyebrain	1
eye34	1
exxon	1
extremly	1
extreamly	1
extrathey	1
extrathe	1
extrasyour	1
extrasotherwise	1
extrasit	1
extraoh	1
extract	1
extr	1
extorting	1
extensions	1
extensionall	1
extenders	1
extea	1
exspensive	1
expressing	1
exposes	1
explosivo	1
explosive	1
explores	1
explorenow	1
exploiting	1
exploilt	1
exploded	1
expletive	1
explainedwhat	1
explainedgetting	1
explaination	1
expirewhich	1
expiredquot	1
expertise	1
experiencei	1
experienceeven	1
expensivethe	1
expensiveconsistently	1
expenses	1
expending	1
expended	1
expectedi	1
expectationsdont	1
expansive	1
expalanation	1
exorbitant	1
exoeriecing	1
exlopsions	1
exlimited	1
exits	1
exitment	1
existuntil	1
exists	1
exiciting	1
exhilaratingthank	1
exhaustedso	1
exercizing	1
exerciser	1
exercisefun	1
exercisedmy	1
exept	1
exelente	1
executive	1
execs	1
exec	1
excursion	1
excrusiating	1
excruciatingly	1
excruciating	1
exclusively	1
exclusive	1
exclusion	1
excluding	1
excludes	1
exclant	1
exclamation	1
excitment	1
excitingone	1
excitingfor	1
excitingeth	1
excitementwe	1
excitementmaybe	1
excitedthanks	1
excitedruns	1
excitedalso	1
excigting	1
excided	1
excersize	1
excersise	1
excercising	1
excercises	1
excercise	1
excellentone	1
excellently	1
excellenti	1
excellente	1
excellency	1
excellence	1
exceedingly	1
exceeding	1
exceeded	1
exc	1
exasperates	1
examplehellipi	1
exactsame	1
exacting	1
evrything	1
evryday	1
evreybody	1
evolved	1
evolve	1
evn	1
eviloh	1
evilly	1
evilit	1
evilevil	1
evidently	1
evidence	1
eveytime	1
eveyone	1
evey	1
evety	1
everywheremy	1
everywherehaving	1
everyway	1
everyvday	1
everytimewhat	1
everytimelove	1
everythingpatienceskill	1
everythingno	1
everythingdoes	1
everythingand	1
everyou	1
everyoneyoung	1
everyonewho	1
everyonewe	1
everyonekeep	1
everyoneit	1
everyonehave	1
everyonegreat	1
everyoneget	1
everyonebyeeee	1
everyonebe	1
everyoneas	1
everyoneall	1
everyon	1
everynightfun	1
everyes	1
everydaywould	1
everydayseveral	1
everydayplay	1
everydaykeeps	1
everydayjust	1
everydayit	1
everydayinfin	1
everydaybut	1
everydayand	1
everybothy	1
everybodys	1
everybodyi	1
everwhat	1
eververy	1
everuntil	1
everthis	1
everso	1
everplay	1
everone	1
evernow	1
everno	1
everneed	1
evermy	1
everim	1
everif	1
everiexcl	1
everhope	1
everheres	1
everhave	1
everhas	1
evergreat	1
evergoodfrustrated	1
evergood	1
everget	1
everest	1
everdayit	1
evercant	1
everbetter	1
everalways	1
everalmost	1
evenworks	1
evenually	1
eventuallyits	1
eventuallyi	1
eventuality	1
eventual	1
eventful	1
eveningit	1
eveningi	1
eveningbetter	1
evened	1
evelyn	1
evels	1
eveer	1
evaporate	1
evan	1
evaluation	1
evaluated	1
evaaaaaaaa	1
evaaaaa	1
europes	1
europe	1
euphoric	1
euphoria	1
euhoinious	1
euh	1
eternityyay	1
eternal	1
etcthis	1
etcthat	1
etcsuper	1
etcquot	1
etclevel	1
etcits	1
etcdont	1
etccant	1
etcalso	1
etcall	1
et	1
esurance	1
esther	1
ester	1
estefan	1
esteem	1
este	1
establishes	1
established	1
establish	1
essay	1
especialy	1
escapejust	1
escaped	1
ertain	1
errored	1
error505	1
erred	1
errands	1
err	1
erks	1
ergo	1
ereader	1
erasing	1
erases	1
erasedanyone	1
equipments	1
equations	1
equation	1
episodesotherwise	1
episodeim	1
episodehave	1
epidemia	1
epicly	1
epad	1
enyway	1
enyoys	1
enworb	1
envy	1
envisions	1
envisioning	1
envision	1
envious	1
envied	1
envelope	1
entrrtained	1
entries	1
entreteinments	1
entretainer	1
entrepreneur	1
entreated	1
entrancingly	1
entrance	1
entices	1
enticements	1
enticed	1
enthusiasts	1
enthusiast	1
enthused	1
entertianment	1
entertaitment	1
entertainmentvery	1
entertainmentno	1
entertainmentexpensive	1
entertainmenteasy	1
entertainmentcaution	1
entertainingyeahyeah	1
entertainingwould	1
entertainingtrying	1
entertainingtime	1
entertainingthere	1
entertainingsee	1
entertainingmildly	1
entertainingmakenna	1
entertainingly	1
entertaininglots	1
entertainingkeeps	1
entertaininghate	1
entertainiing	1
entertaingo	1
entertainedmindless	1
entertainedi	1
entertainedeven	1
entertainedand	1
entertaind	1
entertaiining	1
enterprises	1
enterprise	1
enterntaining	1
enternating	1
entered	1
ensue	1
ensnare	1
enslaved	1
enrichingaddictive	1
enriching	1
enpogh	1
enouraging	1
enoughyou	1
enoughvery	1
enoughtoo	1
enoughthere	1
enoughthe	1
enoughsome	1
enoughoverall	1
enoughmy	1
enoughmust	1
enoughlove	1
enoughlolit	1
enoughlol	1
enoughi	1
enoughhave	1
enoughfrustrating	1
enoughdrives	1
enoughdefinitely	1
enoughby	1
enoug	1
enlightenment	1
enjoythis	1
enjoythe	1
enjoyno	1
enjoymentthanks	1
enjoymenti	1
enjoymentdifficult	1
enjoymentalso	1
enjoymeant	1
enjoyjctccc	1
enjoyingly	1
enjoyinghelps	1
enjoyi	1
enjoyhighly	1
enjoyes	1
enjoyablethanksw	1
enjoyablesome	1
enjoyablejust	1
enjoyablei	1
enjoyablehard	1
enjoyablefast	1
enjoyableengen	1
enjoyablechristy	1
enjoyability	1
enjoyabe	1
enjoining	1
enjoing	1
enjiy	1
enjio	1
eniugh	1
enhances	1
enhancers	1
engulfs	1
engrossingi	1
engrossedlooks	1
england	1
engineers	1
engineer	1
engine	1
engery	1
engagingwhen	1
engagine	1
enforcement	1
enervating	1
enertaining	1
enertained	1
energylives	1
endured	1
endswhen	1
endso	1
endslove	1
endslol	1
endsit	1
endsenjoy	1
endquot	1
endorphins	1
endora	1
endits	1
endingness	1
endinglove	1
endim	1
endenjoy	1
endeavor	1
endearing	1
encouragements34	1
encountering	1
enchantment	1
enchanting	1
encanta	1
enana	1
enamoured	1
enables	1
emulate	1
emptying	1
empties	1
empowering	1
employment	1
employer	1
employcmon	1
empire	1
emotionally	1
emmas	1
emjoyable	1
emit	1
emergencies	1
emerged	1
emerge	1
emd	1
embraces	1
embarrasing	1
emailamp34search	1
elves	1
eludes	1
elsetried	1
elsethis	1
elsethanks	1
elselove	1
elsekeeps	1
elsejust	1
elsei	1
elseex	1
elsedlm	1
elsebut	1
elseall	1
els	1
eloctronically	1
ellen	1
elite	1
elimination	1
eliminates	1
elevator	1
elevate	1
eletronics	1
elementry	1
electronicsflo	1
electron	1
electricity	1
eldest	1
elders	1
elapses	1
elapsed	1
elaine	1
elaborating	1
ekrddirejeebejwked	1
ekkeekeosne	1
ekekeooske	1
eke	1
ejoyable	1
ejoy	1
ejekeojw	1
ejejkeje	1
ejdndrjds	1
eithr	1
eithout	1
eithet	1
eitherso	1
eitherover	1
eitherbut	1
eishw	1
einsteinmost	1
eighty	1
eighth	1
eidiejdkd	1
ehn	1
ehjust	1
ehhhh	1
ehat	1
egos	1
egnore	1
egging	1
egan	1
egame	1
efj	1
efforti	1
efficiently	1
efficient	1
effectsi	1
effectseasy	1
effectscons	1
effect3	1
eeventually	1
eeeek	1
eeeeee	1
educationalgreat	1
educatiomal	1
educate	1
edmund	1
editorsandcreators	1
edited	1
edicking	1
edible	1
edgy	1
ectjust	1
economy	1
economic	1
ecited	1
echoes	1
echo	1
ecelente	1
ebert	1
ebbs	1
eator	1
eatingg	1
eather	1
eaters	1
eaterlol	1
eaten	1
easyyet	1
easyuntil	1
easythen	1
easythe	1
easyt	1
easypeasy	1
easyoverall	1
easynot	1
easylosing	1
easygood	1
easyfuncool	1
easyer	1
easycool	1
easycat	1
easycant	1
easyand	1
easyaddictive	1
easyaddictingand	1
easilythank	1
easilyinvite	1
easilyi	1
easilyfun	1
easilybut	1
easilyalso	1
easilyafter	1
easierthis	1
easey	1
earwormthe	1
earworm	1
earthenware	1
earphones	1
earnedonly	1
earbuds	1
eapay	1
eant	1
eally	1
eagles	1
eagle	1
eachstep	1
eachothz	1
eachblevel	1
eaacutesy	1
e2	1
dysfunctional	1
dynasty	1
dynamics	1
dylan	1
dyinse	1
dye	1
dx	1
dwnlwd	1
dwindling	1
dwindle	1
dwelling	1
dw	1
dvds	1
dvd	1
dutys	1
dustin	1
duran	1
dupper	1
duplication	1
duno	1
dunn	1
dun	1
dumsentence	1
dummy	1
dumbing	1
dumbi	1
dumbbut	1
dum	1
duly	1
dullsville	1
dug	1
dufficult	1
duff	1
dueim	1
dueable	1
dudeuh	1
dudethank	1
dudes	1
dud	1
duct	1
ducksits	1
duchy	1
duchenne	1
ducha	1
dubbed	1
dubai	1
dualling	1
dual	1
dtuff	1
dto	1
dthank	1
dskd	1
dsbd	1
drunk	1
drum	1
druggie	1
druends	1
drudge	1
drr	1
drownlond	1
drowning	1
dropshave	1
drops34	1
dropps	1
droppings	1
droped	1
drool	1
droidgoogle	1
droffice	1
drivealso	1
dripping	1
drip	1
drinks	1
drill	1
drift	1
dressor	1
dresser	1
dressed	1
dreary	1
dreamy	1
dreamcrush	1
dreading	1
dreaded	1
drawnout	1
drawer	1
drawbacksyou	1
drawbackit	1
drastically	1
drapptit	1
dramaless	1
drake	1
drained	1
dragalso	1
drafts	1
draft	1
dozer	1
dowwnif	1
dowright	1
downyou	1
downwish	1
downwhat	1
downwell	1
downtimethis	1
downthey	1
downthen	1
downthat	1
downthanks	1
downt	1
downsides	1
downreally	1
downquot	1
downnow	1
downnon	1
downno	1
downn	1
downmy	1
downmakes	1
downloved	1
downloanded	1
downloadthe	1
downloadsome	1
downloadjust	1
downloadit	1
downloadingit	1
downloadi	1
downloaders	1
downloadedso	1
downloadedprobably	1
downloadedon	1
downloadedmany	1
downloadedand	1
downloadcandy	1
downloadcan	1
downloadalmost	1
downlaod	1
downland	1
downits	1
downiluuuvvvv	1
downhop	1
downhooked	1
downhill	1
downhighly	1
downgrade	1
downfun	1
downfrom	1
downfallsome	1
downbe	1
downamp	1
downalways	1
downaddicting	1
down34	1
dowitch	1
dowhy	1
dowhatever	1
dovthis	1
dovery	1
dove	1
dounloude	1
douche	1
doubtvery	1
doubted	1
doubly	1
doubledigits	1
doubled	1
dot	1
doshow	1
doshe	1
dos	1
dor	1
doquot	1
dopsyou	1
dopezz	1
dopeyquot	1
doover	1
doors	1
doodles	1
doodadsget	1
doodads	1
dood	1
dontwant	1
dontunderstand	1
dontthought	1
dontthink	1
dontso	1
dontlike	1
dontis	1
donthave	1
dontbut	1
donow	1
donor	1
donny	1
donntimesome	1
donna	1
donkey	1
dong	1
doneoh	1
doneno	1
donemy	1
donematching	1
donelol	1
donelike	1
doneits	1
doneif	1
donegreat	1
donegood	1
doneamp34	1
donea	1
donated	1
donald	1
donacutet	1
dominoes	1
domino	1
domination	1
dominate	1
dominance	1
domed	1
domean	1
domaybe	1
dolove	1
dolores	1
dolls	1
dolllike	1
dolllar	1
dollarsyes	1
dole	1
doke	1
doit	1
doint	1
doingwhich	1
doingwhat	1
doinglike	1
doingbuti	1
doid	1
dogthe	1
dogsgreat	1
doggone	1
doggedly	1
dofun	1
doeveryone	1
doesother	1
doesok	1
doesntwouldnt	1
doesntvery	1
doesntalso	1
doesnnt	1
doesent	1
doer	1
doenjoy	1
dodiididisksis	1
documentation2	1
docit	1
doawd	1
doanyone	1
doalso	1
do34	1
dmf	1
dkkka	1
djwb	1
djsjeke	1
djfo	1
djdjdndn	1
djde	1
djd	1
diyung	1
diwn	1
divorce	1
diving	1
divine34	1
dividing	1
divice	1
divertido	1
diversified	1
diverges	1
dive	1
dittoglad	1
ditties	1
distroy	1
distributors	1
distributethe	1
distributes	1
distressing	1
distresser	1
distractrelax	1
distractor	1
distractiveget	1
distractionit	1
distractioni	1
distractionapp	1
distractingwould	1
distractingwife	1
distinguish	1
distinctly	1
distinctive	1
distinctions	1
distinction	1
distinct	1
distill	1
distancesits	1
dissolving	1
dissolved	1
dissolve	1
dissolution	1
dissappoitimg	1
dissappointing	1
disrupts	1
disrupting	1
disregard	1
dispositive	1
disposable	1
displeased	1
dispicable	1
dispenses	1
disneyland	1
dismissive	1
dismissed	1
dismiss	1
dismal	1
dislikesi	1
diskthankyou	1
disk	1
disintegrate	1
disillusioned	1
dishwasher	1
dishonorable	1
disheartened	1
disguising	1
disguised	1
disgraceful	1
disgrace	1
disengage	1
disenchanted	1
disdain	1
discussion	1
discussing	1
discriminatory	1
discrimination	1
discoverd	1
discouragingwhen	1
discouragedi	1
discontinue	1
disconnection	1
disconnected	1
disconcerting	1
disco	1
disclaimers	1
disclaimer	1
disassociate	1
disappointmentslooking	1
disappointments	1
disappointingspend	1
disappointingreview	1
disappointingespecially	1
disappointedi	1
disappointedfrustratedirritated	1
disappointedbesides	1
disappointcarendalemaol	1
disappeat	1
disappearing5	1
disappearim	1
disappearance	1
disapoonted	1
disadvantage	1
disabling	1
dirrents	1
diriddfdjee	1
directionswhich	1
directionsit	1
directionsiinstructions	1
directioner	1
directed	1
dior	1
dinosaur	1
dinnerwhere	1
dinners	1
dinnerchoreseverything	1
dings	1
dingle	1
dinged	1
dingdong	1
dine	1
diminished	1
dimethe	1
dimethats	1
dimeso	1
dimeing	1
dim	1
diligent	1
diligence	1
dilemmacould	1
digits	1
digitals	1
difrent	1
dificulty	1
dificulta	1
diffidently	1
difficultynlevelof	1
difficultylots	1
difficultthe	1
difficultsome	1
difficultlove	1
difficultjust	1
difficultim	1
difficulti	1
difficultat	1
difficultall	1
differentyou	1
differentthank	1
differentsupper	1
differentlots	1
differentiation	1
differentiate	1
differentfun	1
differentbetter	1
different1it	1
differencewhen	1
differant	1
diffcult	1
diff	1
diezelda	1
diettoo	1
dieting	1
diesi	1
diequot	1
dieing	1
diedit	1
didthank	1
didt	1
didotherwise	1
didnot	1
didn34	1
didn	1
didgreat	1
diddbdo	1
didactic	1
dicuss	1
dicted	1
dictated	1
dickens	1
dice	1
dibertido	1
diaries	1
diaperget	1
diamonds	1
dialogue	1
dialing	1
diagnosed	1
diabollically	1
diabolically	1
diabolical	1
diabetics	1
di	1
dhsh	1
dhould	1
dhmb	1
dhdvsj	1
dggdydysgsgxsydhfkgxngxjxgvdngsyrsmhfsbfx	1
dggbjiirrefvhvv	1
dgctgfvfvffvcgyfhfhcft	1
dfgghbjj	1
dffffggggf	1
dfferent	1
dey	1
dex	1
dew	1
devout	1
devourer	1
devour	1
devotionals	1
devotion	1
devotee	1
devorce	1
devive	1
devising	1
deviously	1
devicethe	1
devicethanks	1
deviceswho	1
devicesthe	1
devicesthats	1
devicesoh	1
devicesnow	1
devicesmy	1
devicesmine	1
deviceslove	1
devicesjust	1
deviceshellipstarting	1
devicesfor	1
devicescant	1
devicesbut	1
devices2	1
deviceit	1
deviceim	1
devicecustomer	1
deviceam	1
develops	1
developments	1
developmentdifficulty	1
developmental	1
developerpurveyor	1
developedkudos	1
develope	1
devastatingly	1
deuce	1
detoxingnow	1
detonated	1
deterrents	1
determines	1
deterioration	1
detailsi	1
detailing	1
detach	1
destructive	1
destruct	1
destroys	1
destroying	1
destroyer	1
destroyed	1
destressuntil	1
destractionfrom	1
destorts	1
destinys	1
dessert	1
despised	1
despair	1
desktops	1
desktopphone	1
desktopmy	1
desktopi	1
desktopbut	1
desist	1
descriptor	1
descriptive	1
descibe	1
descent	1
descending	1
des	1
derrikv	1
derrick	1
derpy	1
dermot	1
derive	1
dereliction	1
deregister	1
depthi	1
dept	1
deprives	1
deprivedgreat	1
deprived	1
depression	1
depresses	1
depresser	1
depressedover	1
depressed	1
depot	1
deposited	1
deployed	1
deplorable	1
dependencies	1
dependant	1
dependale	1
departure	1
dentistsbut	1
dentists	1
dentistgreat	1
dentistdrlong	1
dental	1
dense	1
dennys	1
demoralizing	1
demons	1
demolishing	1
demolish	1
demo	1
demintia	1
deminsion	1
demeaning	1
delusional	1
deluge	1
delucious	1
delted	1
delt	1
della	1
delivering	1
deliverance	1
deliver	1
delited	1
delish	1
delilah	1
delieveredlove	1
deliciousness	1
delicioushow	1
delicioso	1
delicate	1
deletion	1
deletemaybe	1
deleted34	1
delegated	1
deleating	1
deleate	1
deisgned	1
deinstalled	1
dehlfinately	1
defy	1
deft	1
defjnately	1
definitively	1
definitions	1
defines	1
definenly	1
defined	1
definative	1
definat	1
defies	1
deficit	1
deffinetly	1
deffinetley	1
deffinate	1
deferred	1
deferment	1
defensive	1
defenitley	1
defenestrated	1
defended	1
defend	1
defective	1
defect	1
deez	1
deer	1
deeply	1
deems	1
deedee	1
deed	1
deducts	1
deductive	1
deducting	1
decrushing	1
decreases	1
decreased	1
decorated4	1
decontamination	1
declare	1
decimated	1
deciieved	1
deceptivewhen	1
decently	1
deceiving	1
decades	1
decade	1
debut	1
debunking	1
debugged	1
debra	1
debit	1
debating	1
deathso	1
deaths	1
deathim	1
deams	1
deam	1
dealtell	1
deals	1
dealers	1
dealcost	1
dealb	1
deadlines	1
deactivated	1
ddt	1
dcto	1
dbxhx	1
dbx	1
dbut	1
dburns	1
dbjydr	1
dba	1
dazzling	1
dazed	1
dayworks	1
daywhen	1
daywhats	1
daywhat	1
dayunless	1
dayswhen	1
daysweeks	1
daystyledbyjacquie	1
daysto	1
daysstill	1
daysso	1
dayssame	1
daysmonthslol	1
dayslol	1
dayskiller	1
daysits	1
daysit	1
dayseveryone	1
daysdont	1
dayscant	1
daysalso	1
daysall	1
dayquotmy	1
dayquot	1
dayputting	1
dayor	1
daynothing	1
daylike	1
daylights	1
dayjust	1
dayit	1
dayisnt	1
dayim	1
daygreat	1
daygrand	1
dayget	1
dayeverywhere	1
dayeven	1
dayeth	1
daydreams	1
daydreaming	1
daydream	1
daycare	1
daycan	1
daybut	1
dayback	1
dayaside	1
dayas	1
dayalot	1
dayall	1
day34	1
davis	1
david	1
dave	1
daunting	1
daugther	1
daughtershe	1
daughtermy	1
dating	1
datetime	1
dates	1
dateif	1
dated	1
datato	1
datat	1
dastardly	1
dashboard	1
darts	1
darkness	1
darker	1
dareextremely	1
dapper	1
danielson	1
dancehellip	1
damper	1
dampened	1
damon	1
damned	1
dammm	1
dammit	1
dalvik	1
daisy	1
dailyon	1
dailymy	1
dailya	1
dailly	1
dailies	1
daft	1
daddydaughter	1
dadand	1
dada	1
dachshund	1
dabbling	1
d2	1
cyrus	1
cynical	1
cyndi	1
cyclones	1
cyberspace	1
cyber	1
cuzz	1
cutoff	1
cutiesy	1
cutethere	1
cuteluv	1
custom	1
cussing	1
cuss	1
cushion	1
cush	1
curvefish	1
curseamp34	1
curioussss	1
curiousso	1
curfew	1
cured	1
cupcake	1
cunsuming	1
cumulative	1
cumbersome	1
culture	1
cuff	1
cuddling	1
cud	1
cubistry	1
cubist	1
cub	1
cuando	1
cte	1
csndy	1
csn	1
cs	1
crystay	1
crybasically	1
cruuussshhhh	1
crusn	1
cruslh	1
crusk	1
crushyouve	1
crushyes	1
crushwould	1
crushwonderful	1
crushvery	1
crushunable	1
crushugh	1
crushtry	1
crushtoo	1
crushthatcandysincerely	1
crushthat	1
crushtacious	1
crushsynced	1
crushsure	1
crushsuch	1
crushstep	1
crushremove	1
crushrecommend	1
crushor	1
crushone	1
crushoh	1
crushnothing	1
crushnice	1
crushlook	1
crushlevels	1
crushlevel	1
crushking	1
crushjust	1
crushis	1
crushini	1
crushhellip	1
crushhead	1
crushhave	1
crushhate	1
crushgreat	1
crushget	1
crushfriends	1
crushfinally	1
crushfernstatonsignscom	1
crushenough	1
crushed34	1
crushcrushcrush	1
crushcarefulif	1
crushcandy	1
crushbit	1
crushbest	1
crushbelieve	1
crushbefore	1
crushbe	1
crushand	1
crushamp34	1
crushaddicting	1
crush34laura	1
crush34and	1
crusg	1
crusch	1
crusb	1
crus	1
crumble	1
cruisers	1
cruh	1
crude	1
cruchwhich	1
crsh	1
crrush	1
crrrrrrrrrrrrrrrrrrrrrrruuuuuusssssshhhhhhhhh	1
crrrazzyyyyyyyy	1
crown	1
crowding	1
crosseyed	1
crooks	1
crook	1
croaked	1
critic	1
crispy	1
crisis	1
criqui	1
cripples	1
crippled	1
cringe	1
criminally	1
crieslol	1
criba	1
crib	1
crews	1
crewmen	1
cretive	1
crescent	1
creepyi	1
creeps	1
creeper	1
creditsitems	1
creditmoves	1
creditin	1
creatures	1
creatorfor	1
creativelyoutside	1
creatively	1
creations	1
creaters	1
creater	1
createdthanks	1
createded	1
crazyvery	1
crazythis	1
crazythe	1
crazysome	1
crazyso	1
crazylove	1
crazyjust	1
crazyit	1
crazygave	1
crazyenjoy	1
crazily	1
crazies	1
crazes	1
crazenow	1
crater	1
crashyes	1
crasheswould	1
crapy	1
crapshoot	1
crappie	1
crapped	1
crape	1
crap0	1
cranial	1
crampton	1
cramps	1
cram	1
crafty	1
craftmy	1
crafted	1
craft	1
cracy	1
cracks	1
crackly	1
crackle	1
crackgreat	1
cracker	1
crackalso	1
cra	1
cr	1
cpuld	1
cpu	1
cprocter	1
cp	1
coz	1
cowper	1
cowboys	1
cow34	1
covering	1
coverage	1
cousine	1
courtesy	1
coursity	1
courses	1
coursebut	1
courles	1
cource	1
couponsthats	1
coupons	1
couples	1
coupleof	1
coupled	1
countries	1
countinous	1
counterproductive	1
counselor	1
counselling	1
counseling	1
couls	1
coulod	1
coulent	1
couldonce	1
couldntbut	1
couldmaybe	1
couldbut	1
cought	1
coughing	1
costumers	1
costlyi	1
costi	1
costanything	1
corset	1
corrupts	1
corrupted	1
corrinatio	1
correctthis	1
corrects	1
correctmaryac	1
correctlymoving	1
correctionsthanks	1
corrections	1
correctional	1
correcting	1
corp	1
corney	1
corn	1
corespondent	1
cord	1
cor	1
copywrite	1
copyhow	1
coordinatio	1
coordinated	1
cooperative	1
cooperate	1
cooper	1
coooooooool	1
cooooooool	1
coolzayah	1
coolwhen	1
coolthis	1
cools	1
coolother	1
coolits	1
cooling	1
coolgame	1
coolbecause	1
coolb	1
coolall	1
convient	1
convienience	1
conveying	1
convert	1
conversion	1
contue	1
controversy	1
controlls	1
contrived	1
contribution	1
contributing	1
contrast	1
contract	1
contour	1
contoinue	1
continus	1
continuosly	1
continuos	1
continueto	1
continuethe	1
continueseriously	1
continuequot	1
continueplease	1
continueoverall	1
continueon	1
continuenot	1
continuejust	1
continueim	1
continuedoes	1
contingent	1
contine	1
contiguous	1
contender	1
contempt	1
contagiouscause	1
consumming	1
consumingexcitinga	1
consumingbest	1
consuming34	1
constsnt	1
constructionquotugh	1
constructed	1
constricted	1
constitutes	1
consternation	1
constanty	1
constantlythen	1
constantlyrecommended	1
constanly	1
conspiracy	1
consolidated	1
consoles	1
consistency	1
consistant	1
consist	1
consise	1
considerupdate	1
considers	1
considerget	1
conservative	1
consequence	1
consentration	1
consensus	1
consecutive	1
conquor	1
conquests	1
conquest	1
conquering	1
conplete	1
conning	1
connectto	1
connectthree	1
connectivitiy	1
connectionis	1
connectioncant	1
connectedbut	1
conking	1
conjunction	1
coninue	1
congress	1
confussing	1
confussed	1
confusingso	1
confusingi	1
confusingbut	1
confusedi	1
confounding	1
confound	1
conflicted	1
configaration	1
conference	1
confectionary	1
conects	1
cone	1
conducting	1
condone	1
condescending	1
concord	1
conclusions	1
concise	1
concert	1
concerns	1
concentratekeeps	1
concentrated	1
concentral	1
conceive	1
concedes	1
concede	1
conanation	1
comute	1
computerthere	1
computerthe	1
computerswishing	1
computerplease	1
computernow	1
computerized	1
computerised	1
computerbut	1
compute	1
compulsively	1
compulsiveaddictive	1
compulsions	1
compromised	1
compression	1
comprar	1
composition	1
complimentary	1
complication	1
complicating	1
complicate	1
complica	1
complexities	1
complexdraw	1
completly	1
completions	1
completes	1
completerecommend	1
completer	1
completeply	1
completeneed	1
completelyunderstand	1
completelyand	1
completeit	1
completeing	1
completefinish	1
completedthe	1
completedit	1
completedi	1
completamente	1
complet	1
complaits	1
complaints1	1
complainti	1
complainingbut	1
complainer	1
complaindo	1
compitition	1
competivlely	1
competively	1
competive	1
competiton	1
competitivenessany	1
competitiveenjoy	1
competions	1
competion	1
competetive	1
competent	1
competence	1
competeion	1
competed	1
competecollaborate	1
competative	1
compels	1
compatition	1
compatibility	1
compassion	1
comparisonlove	1
companywhen	1
companion	1
compairs	1
compair	1
comoyter	1
commutes	1
commuters	1
communicates	1
communicated	1
commodore	1
commodity	1
commission	1
commercialswaiting	1
commercialsif	1
commercialok	1
commercialized	1
commercialism	1
commentu	1
commenter	1
commentator	1
commendedive	1
commend	1
commandeered	1
comingwoo	1
comings	1
comingregardskathy	1
comingnback	1
comingand	1
coming2	1
comics	1
comglad	1
comfy	1
comeons	1
comei	1
comecando	1
combinationto	1
combinationsto	1
combime	1
combat	1
coma34	1
column	1
colts	1
coloursthis	1
colorsthis	1
colorsthank	1
colorslights	1
colorsgraphics	1
colorsgood	1
colorschallenges	1
colorsand	1
colorquot	1
colorfulnot	1
colorfulmaking	1
colorfulfun	1
colorfulespecially	1
colorfulbrings	1
colorbring	1
colorblind	1
colleges	1
collective	1
colleagues	1
colleague	1
collarbone	1
collar	1
collagen	1
coles	1
coinsx4	1
coinsother	1
coinsi	1
coinsbars	1
coinhave	1
coincidentally	1
coincidences	1
coherent	1
coffers	1
coerced	1
coding	1
coded	1
cocoa	1
coco	1
cocacola	1
coby	1
cobwebs	1
coating	1
coarse	1
coach	1
cnt	1
cndy	1
cnat	1
cn	1
cluttering	1
cluttered	1
clutter	1
clutches	1
clumsy	1
clueshelp	1
cluding	1
cluded	1
clubs	1
cloying	1
clownsthere	1
clowns	1
cloudsamp34	1
clouds	1
clouddevice	1
clothing	1
closethen	1
closesvery	1
closely	1
closei	1
clog	1
clitches	1
clique	1
clipi	1
clip	1
clinic	1
cline	1
climbed	1
climate	1
client	1
clicks34	1
clickable	1
cliche	1
cleverness	1
cleats	1
clearfun	1
clearance	1
clear34	1
cleanser	1
cleanout	1
cleanly	1
cleanfun	1
clayton	1
claustrophobia	1
classroom	1
classpros	1
classicthe	1
clark	1
claritygreat	1
claring	1
clamor	1
clack	1
ckz	1
cjx	1
cjose	1
citizensa	1
cites	1
cirtin	1
circusthemed	1
circuslike	1
circuses	1
circus	1
circuitry	1
circa	1
cimputer	1
cigarettesvery	1
cigarettes	1
chursh	1
churning	1
chunk	1
chulos	1
chugging	1
chug	1
chuck	1
chubb	1
chsllenge	1
chrome	1
christy	1
christmasthis	1
christmasi	1
christmasas	1
christmasand	1
christine	1
christ	1
chow	1
chorus	1
choppers	1
choosesalso	1
chooselet	1
choicesespecially	1
choicesas	1
choices1	1
choicegames	1
chocolateyou	1
chocolatey	1
chocolateworks	1
chocolatesor	1
chocolateso	1
chocolatequot	1
chocolatemountain	1
chocolatelylooking	1
chocolatebut	1
chocolate34	1
choclste	1
chivying	1
chitchat	1
chipsyou	1
chinthis	1
chinny	1
chinese	1
chin	1
chimp	1
chilldronthe	1
chillaxinaddicting	1
chili	1
childrenvery	1
childrenthanks	1
childhoodgreat	1
childern	1
childen	1
chico	1
chicks	1
chickens	1
chickendo	1
chick	1
chews	1
chests	1
chest	1
chessit	1
cheshire	1
cherrys	1
cherished	1
chemo	1
chemist	1
chem	1
cheery	1
cheerleader	1
cheerfully	1
cheddar	1
checks	1
checkpoints	1
checkout	1
checkmark	1
checkinggive	1
checkeven	1
checkers	1
cheattheyll	1
cheats34	1
cheats1	1
cheaters	1
cheapcap	1
che	1
chdhcbdddhfvdhd	1
chcynvjvjvjvj	1
chatting	1
chatters	1
chatter	1
charts	1
charter	1
charlie	1
charizard	1
charity	1
charisma	1
charictures	1
chargers	1
chargedgame	1
chargeagain	1
characterminimum	1
characteristics	1
chap	1
chaoticentertainment	1
chansaw	1
channel	1
chanlenging	1
changr	1
changingcolorful	1
changeups	1
changeswhile	1
changesjust	1
changer	1
changelging	1
changeing	1
changei	1
chancesno	1
chanceor	1
chancenot	1
chanceit	1
championship	1
champion	1
chambers	1
challinging	1
challengingyou	1
challengingyes	1
challengingwhat	1
challengingwe	1
challengingwant	1
challengingto	1
challengingthis	1
challengingthats	1
challengingthat	1
challengingthanks	1
challengingtake	1
challengingstill	1
challengingsome	1
challengingsolomon	1
challengings	1
challengingright	1
challengingpuzzles	1
challengingpoop	1
challengingperhaps	1
challengingonce	1
challengingnot	1
challengingnope	1
challengingno	1
challengingnegative	1
challengingmultiple	1
challengingmakes	1
challenginglove	1
challengingin	1
challenginghours	1
challenginggood	1
challenginggive	1
challengingfunaddictive	1
challengingenjoy	1
challengingdownright	1
challengingdefinitely	1
challengingcolorful	1
challengingbeware	1
challengingbest	1
challengingalso	1
challengingalmost	1
challenging77	1
challengeworth	1
challengewhen	1
challengesthen	1
challengesthe	1
challengessuch	1
challengesquot	1
challengesplenty	1
challengesnice	1
challengesmany	1
challengesmakes	1
challengesgreat	1
challengesfun	1
challengeseveryone	1
challengesevery	1
challengescandy	1
challengerun	1
challengers	1
challengering	1
challengeplay	1
challengenext	1
challengelovethe	1
challengelove	1
challengejerry	1
challengeif	1
challengehdwayne24aolcom	1
challengehate	1
challengegreat	1
challengegraphics	1
challengegot	1
challengegood	1
challengego	1
challengegives	1
challengefun	1
challengefull	1
challengefrustration	1
challengedtry	1
challengedislike	1
challengedi	1
challengeddislikes	1
challengeclear	1
challengebutafter	1
challengebut	1
challengealso	1
challengeaddictive	1
challenge3	1
challeneing	1
challeneging	1
challenege	1
challenages	1
challenage	1
challegingit	1
challegingg	1
challeging	1
challeges	1
challege	1
challedge	1
challangingi	1
challanginggame	1
challangesstay	1
challageing	1
challage	1
chalking	1
chalkenge	1
chalked	1
chalenge	1
chalanges	1
chakras	1
chaing	1
chagrin	1
cg	1
cfcf	1
cfc	1
cest	1
certenly	1
certan	1
cerebral	1
cereal	1
cept	1
centsi	1
centsed	1
cents5	1
cents34	1
centres	1
centipede	1
centing	1
cellwill	1
cellular	1
cellthank	1
cellphonejust	1
cellophane	1
cellone	1
cellbut	1
celebration	1
celebrates	1
ceiling	1
ceased	1
cdnt	1
ccsway	1
ccstheres	1
ccsaga	1
ccrushits	1
cci	1
ccedilolorful	1
ccedilandy	1
cccccccccccccoooooooooooooooooooooooooolllllllllllll	1
cccc	1
ccant	1
ccandy	1
ccalso	1
cbnbxdrggdwwrhnnjjc	1
cavs	1
cavein	1
caveat	1
cavddies	1
cautiously	1
cautionhighly	1
cautioned	1
cathartic	1
catfish	1
catagory	1
casympcasymps	1
casually	1
castleville	1
cashthen	1
cashe	1
casey	1
cascading	1
cascades	1
cascade	1
cartoonist	1
cartooning	1
cartman	1
carrots	1
carries	1
carpeting	1
carpal	1
carouse	1
carnivalesque	1
carlos	1
carla	1
caring	1
caress	1
caresrather	1
caregiver	1
carefulyou	1
carefulother	1
carefullyit	1
carefulits	1
carefulgreat	1
carefree	1
cardio	1
cardholder	1
cardboard	1
carbs	1
capturing	1
captivates	1
captions	1
caps	1
capricious	1
capitalize	1
capability	1
canyou	1
cany	1
cantwin	1
cantvuse	1
cantstopplaying	1
cantstop	1
cantsleep	1
canto	1
cantits	1
cantgetenough	1
cantgetaddictedughh	1
cantget	1
cantbe	1
canrsquot	1
canprobably	1
cannplat	1
cannow	1
cannit	1
cannibals	1
canndddddyyyy	1
canme	1
canit	1
cani	1
candyyou	1
candyyep	1
candywrappers	1
candywould	1
candyvery	1
candyu	1
candythey	1
candythen	1
candythats	1
candyso	1
candyrific	1
candyrifficsmart	1
candypuzzles	1
candypsi	1
candyps	1
candyplus	1
candypatinkin	1
candyp	1
candyover	1
candyoriginal	1
candyooopscash	1
candynow	1
candyno	1
candymiddoti	1
candyme	1
candylolit	1
candylol	1
candylicious	1
candylandlike	1
candyl	1
candykeep	1
candyits	1
candyit	1
candyisnt	1
candyid	1
candyholic	1
candygoddxgchvch	1
candyest	1
candydeleted	1
candycrushng	1
candycrushing	1
candycrushinfool	1
candycrusherforlife	1
candycrushanonymous	1
candycrack	1
candycandyyum	1
candyballs	1
candya	1
candy34	1
candy12	1
candues	1
canding	1
candiesyou	1
candieswhy	1
candieswhich	1
candieslove	1
candiesit	1
candieshow	1
candieshavingnightmares	1
candiesamp34	1
candied	1
candidacy	1
candi	1
cancy	1
cancers	1
canceri	1
cancer	1
canceled	1
canby	1
canbecause	1
canadian	1
canada	1
canacutet	1
can34t	1
camw	1
camode	1
cames	1
camel	1
camaraderie	1
caloriesthe	1
calorieschess	1
caloriesa	1
caloriefree	1
calori	1
calmingfun	1
calmed	1
callenging	1
calculus	1
calculating	1
cahallllllllenging	1
caged	1
caffeine	1
cafe	1
cadged	1
cactus	1
cacant	1
cabyou	1
cabin	1
cabela	1
caanot	1
caandy	1
caan	1
caa	1
bzjjs	1
bysuper	1
byour	1
byi	1
byespecially	1
byeeee	1
byebhfhfbbx	1
bybackhandspringmaster	1
by34candy	1
bwa	1
bw	1
bvbvbvbvb	1
buz	1
buythat	1
buyquot	1
buymorehelp	1
buyits	1
buyins	1
buyin	1
buyers	1
buyed	1
buybuy	1
buy34	1
buuut	1
buut	1
butwhenever	1
buttoo	1
buttoni	1
butthis	1
butthere	1
butterscotch	1
butterits	1
butterflydeath	1
butter	1
butstill	1
butsometimes	1
butsomehow	1
butseems	1
butrayunafollow	1
butnow	1
butitisthebest	1
butim	1
butil	1
buthowever	1
buthonestly	1
buthate	1
butdont	1
butcant	1
butbuy	1
butbesides	1
butand	1
butam	1
butalso	1
busyvery	1
busymy	1
busyi	1
busty	1
bustle	1
busterlove	1
busted	1
bustamove	1
businessone	1
businessman	1
bushone	1
burundi	1
burt	1
burnt	1
burnerlove	1
burdensome	1
buns	1
bunk	1
bumps	1
bumping	1
bumped	1
bummedi	1
bullys	1
bullies	1
bullied	1
bullet	1
bullcrap	1
bullblitzs	1
bullbitz	1
bulky	1
bulblitz	1
bulb	1
buisy	1
buissy	1
buggers	1
bugger	1
bugfree	1
buena	1
budgetyou	1
budgets	1
buckets	1
bucket	1
buchan	1
bubbley	1
bubblegum	1
btch	1
btain	1
bt	1
bswaste	1
bsu	1
bsound	1
brutally	1
brushing	1
bruh	1
brry	1
browsing	1
browseri	1
brothersisters	1
brotheramp34	1
brooklyn	1
bronze	1
broader	1
broaden	1
british	1
bringsi	1
brighter	1
brig	1
briefly	1
brie	1
bridgend	1
bricksdidnt	1
bribing	1
bribes	1
brest	1
brent	1
breezing	1
breezehave	1
breed	1
bree	1
breathers	1
breather	1
breathe	1
breast	1
breakthats	1
breakssometimes	1
breaksometimes	1
breaksan	1
breaks34	1
breakrelieves	1
breakneck	1
breaki	1
breakgather	1
breakdown	1
breadbowl	1
brands	1
branch	1
braking	1
brainy	1
brainvery	1
brainthis	1
brainteaser	1
brainsure	1
brainstorming	1
brainscandy	1
brainrotting	1
brainpower	1
brainonce	1
brainlove	1
brainlinda	1
brainive	1
braini	1
braingreat	1
braingame	1
braineyes	1
brainevery	1
brainerlike	1
brainand	1
brads	1
brad	1
bracelet	1
br	1
bqlls	1
bozos	1
bozo	1
boywhat	1
boysi	1
boxed	1
bowling	1
bowing	1
bowels	1
bowed	1
boverall	1
bourbon	1
bouns	1
bounesi	1
bounced	1
boulevard	1
bouldersi	1
boulder	1
boughtin	1
boughti	1
bottomyou	1
bottomless	1
bottling	1
bothfrustrating	1
botherer	1
bother34	1
bothcandy	1
bosstersextra	1
bossness	1
bosses	1
borung	1
borring	1
boringtrust	1
boringthis	1
boringthere	1
boringno	1
boringjust	1
boringfun	1
boringest	1
boringdo	1
boringcute	1
boringbut	1
boringbesides	1
boringalways	1
boring2	1
boreing	1
boredor	1
boredness	1
boredkeeps	1
boredits	1
boredit	1
boredi	1
boredeven	1
boredamazing	1
bordum	1
borderline	1
border	1
bordadd	1
bootleggers	1
booting	1
boostsmy	1
boosterwhich	1
boosterts	1
boosterssupports	1
boostersso	1
boostersover	1
boostersonly	1
boostersif	1
boostersi	1
boostershelpers	1
boostersand	1
boostersafter	1
boostersaddictive	1
boosterbut	1
booooooooooooo	1
booooo	1
booms	1
bookworm	1
bookthe	1
booksjust	1
booksit	1
booksanyway	1
booklol	1
booki	1
bookfor	1
bookface	1
booker	1
bookaholic	1
boohooo	1
boocoo	1
boobtube	1
booboo	1
boob	1
bonusthey	1
bonusses	1
bonusonly	1
bonusi	1
bonusestools	1
bonusestook	1
bonusesridiculous	1
bonusesnot	1
bonusesl	1
bonusesextras	1
bonkers	1
bongos	1
boneweaver	1
bones	1
bone	1
bonding	1
bonded	1
bombsthou	1
bombshave	1
bombsgreat	1
bombs1	1
bombive	1
bombing	1
bombers	1
bombcom	1
bombare	1
bombardment	1
bombarding	1
bomband	1
bolts	1
bolshevik	1
boh	1
bogus	1
bogs	1
bogglingsometims	1
bogglingly	1
bogging	1
bogeling	1
bog	1
boerd	1
bodily	1
bobble	1
boast	1
boas	1
boared	1
boardwell	1
boardum	1
boardsurprise	1
boardsthanks	1
boardrelatively	1
boardom	1
boardmatching	1
boardgreat	1
boardcant	1
board34	1
bo55	1
bn	1
bmw	1
blurry	1
blurred	1
blurbs	1
bluff	1
bluestacks	1
blowsmake	1
blowingi	1
blotchy	1
blonde	1
bloggaling	1
blocklol	1
blockkingcom	1
blockers	1
blocked34	1
bloatware	1
blizzarding	1
blitzer	1
blitze	1
blips	1
blinks	1
blindfolded	1
blinders	1
blended	1
bleh	1
bleeding	1
bleed	1
bled	1
bleary	1
bleakest	1
ble	1
blastthen	1
blastsweet	1
blastiexcliexcliexcl	1
blasterslove	1
blasted	1
blasphemy	1
blanks	1
bland	1
blacks	1
blackmail	1
blackberryz10welcome	1
blacberry	1
blaaaaakkkkk	1
bk	1
bjblitz	1
bizarre	1
bivctxfybbjjn	1
bittrip	1
bitstrips	1
bitei	1
bitches	1
bitched	1
bit34	1
birth	1
birdok	1
binkyquot	1
binging	1
bingeing	1
binge	1
bing	1
binding	1
bind	1
bilonus	1
billionaires	1
billionaire	1
billiards	1
billenjoy	1
bike	1
bihind	1
bigsezy47swgmailcom	1
biggregg	1
biggeri	1
bieri	1
bids	1
biding	1
bide	1
bickering	1
bhdbd	1
bgxb	1
bgraphics	1
bghv	1
bfghvcc	1
bfgfgfgchchchhffhcj	1
beyter	1
bewjeled	1
bewitching	1
bewel	1
bewarewith	1
bewarethis	1
bewareonce	1
bewarei	1
bewarehighly	1
bewarefun	1
bewared	1
bewareat	1
bewareaddictive	1
beware62	1
bevery	1
betyerhooks	1
bettery	1
betterwith	1
betterthis	1
betterthe	1
betterthank	1
betteron	1
betterjust	1
betterit	1
betteri	1
betterdifferent	1
betterd	1
betterbargain	1
better5	1
bethn	1
bestthis	1
bestseller	1
bestnow	1
bestme	1
bestloads	1
bestits	1
bestit	1
bestgood	1
bestgames	1
besteth	1
bestest	1
bestawesome	1
besr	1
bespelledi	1
besosfor	1
beso	1
beside35	1
besf	1
bes	1
berserk	1
berkeley	1
berenstain	1
bered	1
bepaid	1
beon	1
benign	1
benging	1
benefiting	1
belongings	1
belly	1
bella	1
belknap	1
believing	1
beleive	1
bejjeweled	1
bejewrled	1
bejewledjewels	1
bejewled1you	1
bejewewled	1
bejeweledyet	1
bejeweledwhich	1
bejeweledtrade	1
bejeweledthen	1
bejeweledlike	1
bejeweledbut	1
bejeweledboooooooooooooooooooooooooooooooooo	1
bejeweledand	1
bejeweledaddictive	1
bejeweled34	1
bejeweled2	1
bejewelded	1
bejesus	1
bejelweled	1
beinv	1
behindthescenes	1
behindor	1
beheweled	1
beheadedg	1
beheaded	1
behaving	1
beginsbuy	1
beginningwhen	1
beginningbut	1
beginningboo	1
beginnerthey	1
beginking	1
beggar	1
befun	1
beforeyay	1
beforetried	1
beforethank	1
beforeso	1
beforemore	1
beforelike	1
beforehow	1
beforehighly	1
befor	1
beets	1
beer	1
beekeeper	1
beeing	1
beefs	1
bee	1
bedtimei	1
bedthe	1
bedside	1
bedriddenbrings	1
bedlol	1
bedits	1
bedi	1
becouse	1
becone	1
becometiring	1
becomesi	1
becomeaaaarrrrgggghhhcosts	1
beckon	1
becauzzzzzz	1
becausethis	1
becausekskskssksjsjej	1
becausebit	1
becaue	1
becandy	1
becamed	1
becameavailable	1
beauty	1
beautifulthe	1
beatthe	1
beatone	1
beatkingreg	1
beati	1
beatenthe	1
beatdont	1
beatchi	1
beata	1
bearly	1
bearing	1
beappreciated	1
beanz	1
beanhmmmmkidneys	1
beanfarm	1
beand	1
beak	1
beacsue	1
beacause	1
be3eurocenteuroeuroeuroeurotradeqqqqvv	1
bcontrol	1
bbbbqqqqqqv	1
bbbbbbbeeeeesssstttt	1
bazzillon	1
bazzerk	1
bazillion	1
bazgin	1
battybut	1
batty	1
batteryi	1
battalions	1
batt	1
batsman	1
batman	1
bathtub	1
bathing	1
batery	1
baterie	1
bated	1
basket	1
basicalliy	1
bashing	1
bash	1
base	1
bas	1
bartender	1
barskeep	1
barsi	1
barsespecially	1
barsand	1
barsamp34	1
bars600	1
barricade	1
barrels	1
barrage	1
barn	1
barged	1
barf	1
barelly	1
barbie	1
barbara	1
banwaggon	1
banter	1
bankughyou	1
bankcause	1
bangthank	1
bangs	1
bangkok	1
banged	1
banes	1
bane	1
bandwagonyoure	1
bandstand	1
bandit	1
ban	1
bamthe	1
bamcom	1
ballsoh	1
ballpark	1
ballistic	1
ballgames	1
ballgame	1
bakers	1
baker	1
bake	1
bajeweled	1
baiting	1
bait34	1
bain	1
bail	1
bahhaha	1
bagels	1
bafflingdisturbing	1
badits	1
badgering	1
badger	1
badfun	1
badfor	1
bacl	1
backwhile	1
backwell	1
backtomy	1
backthree	1
backthis	1
backthe	1
backseems	1
backrounds	1
backquot	1
backone	1
backlove	1
backit	1
backis	1
backin	1
backi	1
backfire	1
backed	1
backbench	1
backbeat	1
babysitting	1
babysitter	1
babyit	1
baboon	1
babbage	1
baaaaaaad	1
azusa	1
ay	1
axle	1
axis	1
awwwwwwwwwwwwsome	1
awsomest	1
awsomequot	1
awsomeness	1
awsomemore	1
awsomely	1
awsomelove	1
awsom	1
awsme	1
awsm	1
awokeno	1
awkward	1
awial	1
awhole	1
awhileto	1
awhiletheres	1
awhilereally	1
awhileplus	1
awhileits	1
awhileelaine	1
awhilebut	1
awfultoo	1
awesonr	1
awesomoely	1
awesomewith	1
awesomeu	1
awesomety	1
awesomethis	1
awesomethere	1
awesomethank	1
awesomestunningly	1
awesomer	1
awesomeplay	1
awesomepeople	1
awesomemost	1
awesomeits	1
awesomeit	1
awesomeim	1
awesomegreat	1
awesomefun	1
awesomefantasticexcitingcraziness	1
awesomefabuloussuperbsuppa	1
awesomecoolfuncool	1
awesomecandycrushsaga	1
awesomeby	1
awesomebest	1
awesomeb	1
awesomeand	1
awesome34	1
awemose	1
awe5ome	1
awayyoull	1
awaythey	1
awaythe	1
awaythats	1
awayquot	1
awaylike	1
awayeverywhere	1
awayeven	1
awaya	1
awarethe	1
awardstrophies	1
awakening	1
awakeavailable	1
awaitingenjoy	1
avoidance	1
avlsoon	1
avlb	1
avialable	1
avesta	1
averaging	1
averages	1
avenues	1
avenue	1
avenger	1
avarice	1
availble	1
availalbe	1
availableyet	1
availablevery	1
availablethrilled	1
availablethis	1
availablethank	1
availablestill	1
availablesometimes	1
availableobviously	1
availablei	1
availablefor	1
availablecant	1
availableby	1
availablea	1
available34	1
availabe	1
avaikable	1
avaiable	1
autoselects	1
autoplay	1
autopay	1
automobiles	1
autoloads	1
autoharp	1
autocorrect	1
autobrightness	1
autoand	1
autistici	1
authorize	1
authorization	1
authentic	1
austin	1
auster	1
aura	1
august	1
audit	1
audiowish	1
audiobook	1
audiatng	1
audacity	1
au	1
atttitude	1
attracts	1
attracting	1
attracted	1
attrack	1
attimes	1
attest	1
atter	1
attentions	1
attentionlove	1
attentionfun	1
attending	1
attendant	1
attend	1
attempti	1
attained	1
attacking	1
attachment	1
attach	1
atrophying	1
atrocious	1
atri	1
atop	1
atms	1
atm	1
atlantis	1
atit	1
atime	1
atilde1middotcopywcopymiddotmiddotmiddotmiddotmiddotmiddot	1
athos	1
athing	1
atached	1
aswell	1
asus	1
astute	1
astronomical	1
astronaut	1
astrntion	1
astraware	1
astounds	1
astounding	1
astound	1
asteroids	1
astart	1
assures	1
assurance	1
assumption	1
associations	1
association	1
associatig	1
associates	1
assits	1
assisting	1
assistence	1
assisted	1
assistancei	1
assinine	1
assignments	1
assign	1
assi	1
asset	1
assessment	1
assault	1
aspiration	1
asphalt	1
aspecteveryone	1
asome	1
asmuch	1
aslot	1
asleepso	1
askfor	1
askbeg	1
asinine	1
asinb00c5w0xik	1
asinb00a4ez3qs	1
asinb004lzizhu	1
ashy	1
ashlyn	1
ashamedbut	1
ash	1
asesore	1
asesine	1
asdfghjkl	1
asdfgbnhgfd	1
ascend	1
asa	1
artynow	1
artist	1
artificially	1
artie	1
arrrrrgh	1
arrrrgh	1
arrrrgghhh	1
arriving	1
arrivedaggravating	1
arrghhhh	1
arranging	1
arraivating	1
aroundonly	1
aroundeven	1
arounddealmejacks1yahoocom	1
arnova	1
armed	1
arkansas	1
arises	1
ariel	1
arguments	1
argued	1
arguable	1
argle	1
arggh	1
arewhen	1
arevery	1
arethere	1
arenumerous	1
arena	1
aregular	1
aregreat	1
aregone	1
areasbe	1
ard	1
architecture	1
architected	1
archer	1
arcadic	1
arcadetype	1
arcades	1
arainy	1
ar	1
aqnd	1
aptthis	1
apstore	1
aprosgreat	1
appy	1
appworks	1
appwonder	1
appwhy1	1
appwho	1
appwhats	1
appwell	1
appvery	1
apptsk	1
apptsi	1
apptoo	1
apptime	1
appsyes	1
appstoremy	1
appsstorethnx	1
appso	1
appsmooth	1
appslike	1
appsdan	1
approx	1
approving	1
approvali	1
approprialtely	1
approaching	1
approached	1
appreciative	1
appreciates	1
appreciably	1
appplay	1
apponce	1
appointmentsor	1
appointmentsgreat	1
appoint	1
appno	1
appneeds	1
applys	1
appliedi	1
applicationgreat	1
applicant	1
applicable	1
applegooglewhatever	1
applegames	1
appkind	1
appiontments	1
apphave	1
apphappy	1
appgotta	1
appexcellent	1
appeven	1
appespecially	1
appenough	1
appealling	1
appealinglots	1
appealed	1
appchallenging	1
appbut	1
appbet	1
appalling	1
appaddicting	1
apowers	1
apology	1
apologize	1
apointments	1
apocalypse	1
aploy	1
apk	1
apirl	1
apiece	1
aoverall	1
aoshima	1
aos	1
anywheres	1
anywherelove	1
anywherei	1
anywehre	1
anywbere	1
anywaywhat	1
anywaythats	1
anywayquot	1
anywayi	1
anywaydont	1
anywaybut	1
anytimethis	1
anytimeit	1
anytimei	1
anytimechallenging	1
anythingif	1
anythinghave	1
anythinggood	1
anythingg	1
anyspecial	1
anyplace	1
anyoneyou	1
anyones	1
anyonenany	1
anyonehave	1
anyonecandy	1
anyoneand	1
anyof	1
anymorewished	1
anymorewell	1
anymorewarning	1
anymoreit	1
anymorea	1
anyhowgame	1
anybodysuper	1
anybodykids	1
any1	1
anwsome	1
anurisums	1
ants	1
antiup	1
antistress	1
anticompetitive	1
anticipatedmy	1
anti	1
antes	1
anted	1
answering	1
anoyying	1
anotheri	1
anothercant	1
anotheralso	1
anonymousi	1
anonomous	1
anointing	1
anobstacle	1
annoyinv	1
annoyingthe	1
annoyingor	1
annoyingi	1
annoyingcute	1
annoyig	1
annoyancebut	1
annouying	1
announces	1
announcers	1
announcement	1
announce	1
annoeuing	1
annnoying	1
annexing	1
ankle	1
anitagonzalez	1
anit	1
anishinabe	1
animators	1
animatedserene	1
animaljam	1
anice	1
angy	1
angrythe	1
angryi	1
angles	1
angiogenesis	1
angers	1
angeles	1
angel	1
anfmd	1
anfd	1
anerror	1
andys	1
andy	1
andwe	1
andwasveryexcited	1
andvery	1
anduncle	1
andsurprises	1
andso	1
ands	1
androidwill	1
androidwhat	1
androidthe	1
androidsuperb	1
androidstill	1
androidkindle	1
androidi	1
androidcellphone	1
androidat	1
andreas	1
andrea	1
andquot	1
andpower	1
andouts	1
andorid	1
andoid	1
andnothing	1
andno	1
andnever	1
andne	1
andmove	1
andfrustration	1
andforty	1
andfind	1
andeverything	1
andcompletely	1
andbim	1
andbegin	1
andall	1
andage	1
andagain	1
and3	1
ancient	1
analyzed	1
analytically	1
analytical	1
analize	1
anaheim	1
anaconda	1
amzing	1
amzan	1
amwatchingtv	1
amusingly	1
amuses	1
amthe	1
ampthinking	1
ampor	1
amponly	1
amplocked	1
amplified	1
ampit	1
ampgreat	1
ampfun	1
amp62acirciquestamp60	1
amp603amp603	1
amp34you	1
amp34wow	1
amp34worldamp34	1
amp34wild	1
amp34whats	1
amp34what	1
amp34upgradeamp34	1
amp34unlockamp34	1
amp34timeoutsamp34	1
amp34timeoutamp34	1
amp34thinking	1
amp34thingsamp34	1
amp34they	1
amp34thank	1
amp34storeamp34	1
amp34somethingamp34cuz	1
amp34sodaamp34	1
amp34socalledamp34	1
amp34session	1
amp34sagaamp34s	1
amp34run	1
amp34questamp34	1
amp34purchaseamp34	1
amp34promoamp34	1
amp34prizesamp34	1
amp34presentamp34	1
amp34powerupsamp34	1
amp34payamp34	1
amp34passprocedureamp34	1
amp34passesamp34	1
amp34oh	1
amp34nightamp34	1
amp34my	1
amp34more	1
amp34metimeamp34	1
amp34mehamp34	1
amp34loadingamp34	1
amp34live	1
amp34likesamp34	1
amp34life	1
amp34kit	1
amp34kingcomamp34	1
amp34justamp34	1
amp34infiging	1
amp34i	1
amp34hey	1
amp34helpsamp34	1
amp34go	1
amp34gemsamp34	1
amp34falls	1
amp34extraamp34	1
amp34electronicamp34	1
amp34dreamlandamp34	1
amp34dont	1
amp34doamp34	1
amp34daily	1
amp34crushed	1
amp34crushamp34candycandy	1
amp34cornamp34	1
amp34copy	1
amp34conqueramp34	1
amp34connect	1
amp34candylandamp34	1
amp34candyamp34you	1
amp34buy	1
amp34brainwashamp34	1
amp34boosteramp34	1
amp34blastersamp34	1
amp34big	1
amp34best	1
amp34bejeweledamp34	1
amp34bankamp34	1
amp34assistanceamp34	1
amp34ask	1
amp34addictiveamp34	1
amp34addictionamp34	1
amp34addictedamp34	1
amp34achievementsamp34	1
amozon	1
amout	1
amother	1
amizon	1
amhoney	1
amgreat	1
amgame	1
amezon	1
americas	1
amendments	1
amendment	1
amended	1
ambition	1
amazonyouve	1
amazontime	1
amazonthank	1
amazonso	1
amazonquot	1
amazonnow	1
amazonlove	1
amazonkindlefire	1
amazonkindle	1
amazonits	1
amazonill	1
amazonhowever	1
amazongreat	1
amazoneasier	1
amazonbut	1
amazonawesome	1
amazonapp	1
amazonand	1
amazonacirc	1
amazingwhat	1
amazingso	1
amazingperfectawesomelove	1
amazingmagnificentperfectfunaddictingand	1
amazingi	1
amazingggggg	1
amazingg	1
amazingeth	1
amazes	1
amazening	1
amateurish	1
amassed	1
amagin	1
amaddicted	1
alzheimersit	1
alwayswow	1
alwaysadditional	1
alwaus	1
alwase	1
althoughthe	1
alterer	1
alt	1
alsowish	1
alsothink	1
alsostrangely	1
alsosome	1
alsorecommend	1
alsop	1
alsomore	1
alsome	1
alsohellip	1
alsoanyway	1
alsoany	1
also60	1
alsibeen	1
alrighty	1
alrighta	1
alrigh	1
alredy	1
alreadynoticed	1
alreadyall	1
alpha	1
alowed	1
alout	1
alototherwise	1
alotit	1
aloti	1
aloted	1
alos	1
alongwould	1
alongsorry	1
alongso	1
alongquite	1
alongonly	1
alongits	1
alongi	1
alonggood	1
aloneha	1
alol	1
alohamahalo	1
aloe	1
almostin	1
almostimpossible	1
almosr	1
almos	1
almoat	1
almighty	1
alm2u2knologynet	1
allying	1
ally	1
allvery	1
allthe	1
allso	1
allshewrote	1
allreasons	1
allready	1
allowthe	1
allowed0	1
allottment	1
allotherwise	1
alloted	1
allone	1
allohwell	1
alloh	1
allof	1
allnow	1
allllllll	1
alll	1
allknow	1
allits	1
allison	1
alligator	1
allies	1
allhave	1
allfun	1
allenjoy	1
allele	1
allegation	1
alldont	1
allchallengegreat	1
allbut	1
allbest	1
allay	1
allawesome	1
allalso	1
allages	1
alladdicting	1
alla	1
all34	1
alikeit	1
aligns	1
alignment	1
alienate	1
alice	1
algorithms	1
algorithm	1
alexis	1
aleways	1
alevels	1
alerted	1
alejandra	1
alcohol	1
album	1
albert	1
alays	1
alawys	1
alarms	1
aland	1
aking	1
ajax	1
airplanetime	1
airlinesbusesany	1
airlines	1
aimlessly	1
aimed	1
aime	1
aides	1
aided	1
aide	1
aida	1
ahwile	1
ahve	1
ahs	1
aholic	1
ahold	1
ahem	1
aheadthat	1
aheadpuzzles	1
aheadnot	1
aheadno	1
aheadits	1
aheadhahaha	1
aheadeverything	1
aheadcan	1
aheadbut	1
ahah	1
agws	1
agsin	1
agrivating	1
agreemuch	1
agreement	1
agrave	1
agravating	1
agraphics	1
agostuck	1
agood	1
agonizing	1
agonew	1
agofamily	1
agitates	1
aghh	1
aggression	1
aggresive	1
aggregated	1
aggravatinglol	1
aggravatingbuti	1
aggravatingbut	1
aggravatingaddictive	1
aggggg	1
agesyoung	1
agesvery	1
agesu	1
agesty	1
agestime	1
agesthis	1
agesthe	1
agesneed	1
ageslove	1
ageslots	1
ageslike	1
ageskids	1
agesits	1
ageshighly	1
agesglad	1
agesget	1
agesextremely	1
ageseven	1
agesespecially	1
agesenjoy	1
agescolorful	1
ageschallenging	1
agesbut	1
agesanyone	1
agesamp34u	1
agent	1
agelove	1
ageless	1
agei	1
agegroup	1
agefun	1
agedretired	1
agedont	1
aged	1
ageawesome	1
againwhy	1
againwhich	1
againwhen	1
againwe	1
againunless	1
againunfortunately	1
againthis	1
againsure	1
againso	1
againover	1
againor	1
againoh	1
againmarilyn	1
againlovepatty	1
againkeeps	1
againit	1
againim	1
againginger	1
againfor	1
againdont	1
againbut	1
again3	1
aga	1
ag	1
afun	1
aftr	1
afterwordbusy	1
afterspending	1
afterlevel	1
afterall	1
afterabout	1
aft	1
african	1
afresh	1
afrer	1
afordable	1
aford	1
afloat	1
afghanistan	1
afforded	1
affordbe	1
affirmative	1
affectivlely	1
affective	1
afewmore	1
afain	1
af	1
aer	1
advisethen	1
advertsing	1
adverts	1
advertized	1
advertize	1
advertisedit	1
adversity	1
advantageous	1
advanceyou	1
advancethats	1
advancementi	1
advancefree	1
advanceand	1
adultsvery	1
adultsthere	1
adultsso	1
adultsi	1
adultschildren	1
adulte	1
adultamp	1
adulate	1
adsnot	1
adrendline	1
adrenaline	1
adrenalin	1
adoringly	1
adores	1
adoration	1
adopters	1
adoctrina	1
adn	1
adjoining	1
adjectives	1
adition	1
adictivisimo	1
adictivesometimes	1
adictiveit	1
adictiv	1
adiction3	1
adiction	1
adictingly	1
adictingit	1
adictingcant	1
adicitive	1
adicctivo	1
adequately	1
addz	1
adduditional	1
adductive	1
adducing	1
addtive	1
addticting	1
addthis	1
addsthere	1
addsthank	1
addresslg	1
addll	1
addivictive	1
additve	1
addittive	1
additivestarted	1
additivebut	1
additionals	1
additictive	1
additcting	1
addional	1
addingchanging	1
addiictive	1
addidting	1
addidicted	1
addidcting	1
addictvie	1
addictung	1
addictting	1
addicttedi	1
addictquot	1
addictng	1
addictneed	1
addictlove	1
addictjustin	1
addictjiaddictive	1
addictivley	1
addictiving	1
addictiveworks	1
addictivewant	1
addictivevery	1
addictivethere	1
addictivethats	1
addictivethat	1
addictivethanks	1
addictivesometimes	1
addictivesome	1
addictiveside	1
addictiveseveral	1
addictivereally	1
addictivepuzzles	1
addictiveplayyou	1
addictiveplaying	1
addictiveplay	1
addictiveonly	1
addictiveoften	1
addictiveo	1
addictivenever	1
addictiveneed	1
addictiveluckily	1
addictivelots	1
addictivelo	1
addictivelike	1
addictivekeeps	1
addictiveive	1
addictiveiam	1
addictivehavent	1
addictivehave	1
addictiveglad	1
addictivefuntime	1
addictivefunthank	1
addictivefrustrating	1
addictivefinally	1
addictiveeth	1
addictiveeeeeee	1
addictiveeasy	1
addictiveeach	1
addictivee	1
addictivedrives	1
addictivedemon	1
addictivedefinitely	1
addictivecouldnt	1
addictivecould	1
addictivechallenging	1
addictivecandy	1
addictivecalimula	1
addictivec	1
addictivebest	1
addictiveawesomefuna	1
addictiveat	1
addictiveanother	1
addictiveamp34	1
addictivealways	1
addictivealso	1
addictivealmost	1
addictive1star	1
addictiv	1
addictited	1
addictionwould	1
addictionthanks	1
addictionlove	1
addictionlol	1
addictionfun	1
addictioncolor	1
addictionbut	1
addictionand	1
addictinv	1
addictingyet	1
addictingwould	1
addictingworks	1
addictingwish	1
addictingvisualsthe	1
addictingusually	1
addictingun	1
addictinguffff	1
addictingtime	1
addictingthey	1
addictingthat	1
addictingsurprising	1
addictingsooooo	1
addictingsometimes	1
addictingsome	1
addictingsigh	1
addictingshe	1
addictingpractice	1
addictingone	1
addictingomg	1
addictingoh	1
addictingnot	1
addictingno	1
addictingni	1
addictingng	1
addictingmy	1
addictingmaybe	1
addictingmakes	1
addictinglike	1
addictingjust	1
addictingits	1
addictingimplaying	1
addictingim	1
addictingid	1
addictinghours	1
addictinghelplol	1
addictinghellipjust	1
addictinghellip	1
addictinghave	1
addictinggot	1
addictingget	1
addictinggame	1
addictingexcitingand	1
addictingeveryone	1
addictingeven	1
addictingespecially	1
addictingentertaining	1
addictingchallenging	1
addictingchallange	1
addictingcan	1
addictingbe	1
addictingalthough	1
addicting20	1
addictind	1
addictin	1
addictid	1
addicticting	1
addictef	1
addictedwhat	1
addictedto	1
addictedsome	1
addictedrecommend	1
addictedmake	1
addictedlolbut	1
addictedkeep	1
addictedjust	1
addictedits	1
addictedit	1
addictedif	1
addictedicant	1
addictedhowever	1
addictedgreat	1
addictedeverybody	1
addicteddont	1
addictedchallenging	1
addictedand	1
addictedamp34	1
addictedamp	1
addicteda	1
addictect	1
addictd	1
addictave	1
addictated	1
addictand	1
addict34	1
addicking	1
addicitve	1
addicitng	1
addiccedilting	1
addicated	1
addedwish	1
addednot	1
addedit	1
addedi	1
adddicting	1
adapted	1
adaptation	1
adapt	1
adams	1
adaddictinsnd	1
acutally	1
acumen	1
acuity	1
actualy	1
actualice	1
activityand	1
activethis	1
activelove	1
activei	1
activeand	1
activatingg	1
activated	1
actionand	1
actionalways	1
acrossi	1
acquireotherwise	1
acquainted	1
acoustic	1
acouple	1
acount	1
acornchestnut	1
acorn	1
acool	1
acontrols	1
acknowledge	1
ack	1
acircmiddotacircmiddot	1
acing	1
acid	1
aching	1
aches	1
acepted	1
ace	1
accustomed	1
accured	1
accurately	1
accumulation	1
accumulating	1
accross	1
accout	1
accounting	1
accountget	1
accountand	1
account34	1
accords	1
accomplishmentlastly	1
accomplishedit	1
accompanied	1
accommodate	1
accidental	1
accesst	1
accessam	1
accepts	1
acceptable	1
accelerating	1
accelerated	1
accedent	1
acandy	1
ac	1
abvance	1
abuzz	1
abusive	1
abuses	1
abundance	1
abt	1
absoulutly	1
absorbs	1
absolutley	1
absolutelythis	1
absentmindedness	1
absent	1
aboutstill	1
abouts	1
aboutneedless	1
aboutmight	1
aboutlol	1
abouthome	1
aboutfriggintime	1
aboutbut	1
aboutamp34	1
about20	1
aborted	1
abooster	1
aboard	1
ablutso	1
ablevent	1
ablast	1
abhor	1
abbigailkatie	1
abbas	1
abandoning	1
ab	1
aaron	1
aardvark	1
aamazing	1
aaked	1
aafter	1
aacute	1
aaawwwwsssooommmeee	1
aaawwwesome	1
aaarrrggg	1
aaahhhhhhh	1
aaah	1
aaaahhhhh	1
aaaagh	1
aaaaaaaaaaaafun	1
aaaaa	1
aaaa	1
aaa	1
a5	1
a34	1
9ooooooooooooooooooddddddddddddddllllllllleeeeeeeeeeoooxxdxxxxdddddssswwwwkkxdddddddkk	1
99a	1
99999999999	1
9999	1
99299	1
98125	1
975	1
973	1
96most	1
950	1
949	1
933	1
925	1
920	1
91702	1
91	1
90awesome	1
900s	1
9000	1
8yearold	1
8quot9	1
8ps	1
8hrs	1
89quot	1
899found	1
8934	1
890	1
88deg	1
888love	1
850000	1
85000	1
84would	1
845	1
840	1
83year	1
834	1
83	1
825	1
82014	1
81year	1
80yearold	1
808	1
800000	1
7yr	1
7turn	1
7th	1
7stars	1
7several	1
7quot	1
7o3uxv2l5v	1
7o	1
7months	1
7m	1
79year	1
790	1
780	1
776	1
76way	1
76hrs	1
75amp4	1
759	1
75100	1
745	1
72its	1
723	1
71years	1
7160	1
710	1
70then	1
70do	1
70and	1
709	1
702	1
700acool	1
7000	1
700	1
6year	1
6more	1
6months	1
6gg	1
6am	1
68you	1
68we	1
67amp34	1
677	1
672	1
66yoa	1
666	1
660s	1
65th	1
65for	1
654	1
65380	1
650000	1
650	1
633000	1
630am	1
6260	1
620	1
618	1
617suddenly	1
611	1
60yo	1
60th	1
60something	1
60rd	1
609	1
6079	1
6070	1
60000	1
5yo	1
5to10	1
5t	1
5starsif	1
5starsdano	1
5starsbut	1
5staring	1
5pieces	1
5piece	1
5minute	1
5life	1
5it	1
5hiis	1
5games	1
5free	1
5each	1
5dollars	1
5clicking	1
5amp	1
58are	1
578	1
577	1
576	1
575	1
57000	1
56amp	1
567	1
560	1
550	1
549	1
54000	1
53rd	1
537	1
532	1
523	1
51thank	1
51st	1
515	1
514	1
512	1
50you	1
50x	1
50u	1
50th	1
50s	1
50now	1
50meaning	1
50it	1
50awesome	1
5060	1
5050	1
504	1
502	1
500sbooooo	1
50000	1
5000	1
4yr	1
4yeas	1
4yearson	1
4us	1
4sho	1
4s	1
4quests	1
4or5	1
4mins	1
4great	1
4g	1
4frac12	1
4ever	1
4brain	1
4and	1
499amp34	1
496	1
494	1
48980	1
489	1
487	1
486	1
476	1
46weeks	1
467	1
462	1
460007600084900	1
45it	1
45ish	1
458	1
451	1
450k	1
45000	1
449	1
448	1
442	1
441really	1
440will	1
440trying	1
440on	1
440now	1
440no	1
440middot	1
440is	1
440hellipi	1
44035405	1
436i	1
434	1
43000	1
429	1
427	1
426	1
423	1
422	1
421lol	1
420middothellip	1
41st	1
414	1
413000	1
410	1
40th	1
40it	1
40515	1
403	1
400rsquos	1
400almost	1
40000	1
4000	1
3xs	1
3x3	1
3x	1
3weeks	1
3was	1
3type34	1
3times	1
3quot	1
3powerscolorscandyconsinapppurchainghard	1
3my	1
3months	1
3match	1
3lopops	1
3it	1
3hours	1
3games	1
3extraturn	1
3different	1
3dayshellipone	1
39th	1
39mbit	1
39i	1
3999	1
398	1
396	1
3941	1
390	1
38year	1
388	1
387	1
386	1
385	1
374	1
36when	1
36then	1
36having	1
36deleted	1
366	1
361	1
360s	1
360000	1
35you	1
35this	1
35th	1
35so	1
35ran	1
35nd	1
35is	1
35i	1
35could	1
35amp34	1
358000	1
358	1
357864	1
357	1
356i	1
350took	1
350s	1
350i	1
35000	1
34zio	1
34you	1
34worries	1
34wonderful34	1
34wonder	1
34wins34	1
34win34	1
34wild34	1
34when	1
34weapons34	1
34wait	1
34use34	1
34upgrade	1
34unwind34	1
34unlocked34	1
34unlock	1
34undo34	1
34unavailable34	1
34ultimate	1
34turns34	1
34turn34	1
34tried34	1
34tricks34	1
34toy34	1
34top	1
34tooth	1
34tools34	1
34tokens34	1
34tips	1
34times34	1
34timeouts34	1
34timed34	1
34timed	1
34time34	1
34tickets34	1
34those34	1
34this	1
34think34	1
34thats	1
34thanks34	1
34thanks	1
34tasty	1
34talk34	1
34sweet	1
34supposedly34	1
34suck	1
34succulent34	1
34stylus	1
34stratagize34	1
34story34	1
34still	1
34sticky34	1
34station	1
34spendy34	1
34sorry34	1
34sorbe34	1
34solitaire34	1
34skill34	1
34skill	1
34show34	1
34sharing34	1
34set34	1
34send	1
34see	1
34school34	1
34road	1
34ripoff34	1
34rigged	1
34rewards34	1
34revive34	1
34respond34	1
34remove	1
34rehab34	1
34recharging34	1
34recharge34	1
34real34	1
34quest34	1
34pyramid34	1
34puzzle34	1
34premium34	1
34powerups34	1
34powerup34	1
34poor	1
34play34	1
34play	1
34pick34	1
34perks34	1
34people34	1
34pay34	1
34owl34	1
34older34	1
34off	1
34odes34	1
34nudges34	1
34nothing	1
34newbie	1
34new	1
34needing34	1
34nah	1
34my	1
34must	1
34most	1
34mom34	1
34mode34	1
34matchthree34	1
34man	1
34loser34	1
34lose34	1
34lose	1
34look34	1
34locked	1
34lives34concept	1
34level	1
34last	1
34landed34	1
34king34	1
34kindle34	1
34just	1
34jump34	1
34join	1
34jellys34	1
34inviting34	1
34invite	1
34instagram34	1
34ingredients34	1
34ingame	1
34im	1
34if	1
34id	1
34i34	1
34hottest34	1
34hot	1
34hooked	1
34hook	1
34honey	1
34hidden34	1
34help34or	1
34he34	1
34hangs	1
34guy34	1
34guarantee34	1
34grandpa	1
34gotta	1
34got	1
34good	1
34glitch34	1
34gifts34	1
34getting	1
34gets	1
34get34	1
34gems34	1
34gels34	1
34gel34	1
34friend34	1
34free34but	1
34founder34	1
34fool34	1
34food	1
34flickering34	1
34flatout34	1
34fish	1
34finish34	1
34fill	1
34few34	1
34feel34	1
34features34	1
34failed34	1
34exploding34	1
34ellen34	1
34earn34	1
34dream	1
34downloads34	1
34down	1
34donut34	1
34doing	1
34do	1
34divine34	1
34dislike34	1
34defuse34candy	1
34dealt34	1
34deal34	1
34customer34	1
34crushers34	1
34crusher34	1
34crushaholic34	1
34craze34	1
34crack34	1
34controlled	1
34connected	1
34complaint34	1
34collect	1
34childish34	1
34cheating34	1
34chances34	1
34challenge34	1
34cantime34	1
34cant	1
34calling34	1
34caged34	1
34buzz34	1
34buying	1
34but34	1
34but	1
34bubbles34and	1
34bubble34	1
34bring	1
34break34	1
34brain34	1
34bought34	1
34bootilicious34	1
34boosters34	1
34booster34	1
34bonus34	1
34bonkers34	1
34bomb34	1
34blocks34	1
34blackmail34	1
34bejewled34	1
34beg34	1
34because	1
34baits34	1
34baited34	1
34bad34	1
34bad	1
34awesome	1
34ask34	1
34app34i	1
34all	1
34aint	1
34after	1
34admission34	1
34additional34	1
34addictive	1
34addiction34	1
34addicted34	1
34accomplished34	1
34absolutely	1
34a	1
349	1
347634	1
346	1
34434	1
343534	1
3434mom	1
341730	1
340	1
335	1
330lbs	1
33015	1
324	1
321	1
31st	1
316	1
312015	1
310000	1
30th	1
30levels	1
30i	1
30been	1
309	1
306but	1
306	1
3050	1
3040min	1
3035	1
303	1
300000	1
2yrs	1
2year	1
2x	1
2when	1
2weeks	1
2versions	1
2times	1
2stars	1
2squares	1
2ripoffs	1
2ndstuck	1
2make	1
2lol	1
2ith	1
2hour	1
2he	1
2h	1
2go	1
2different	1
2day	1
2apps	1
2amp12months	1
29now	1
29634	1
2930	1
291each	1
28th	1
28only	1
284	1
282	1
280000	1
279	1
275michele	1
273	1
270ish	1
26bars	1
268000	1
2673	1
267	1
263	1
260	1
25th	1
25hellip	1
258	1
257	1
256	1
2530	1
253	1
25000	1
2500	1
24h	1
248	1
247entertaining	1
243	1
241	1
240i	1
23rd	1
23its	1
23i	1
23got	1
23and	1
236	1
234	1
233	1
232	1
23000	1
22yrs	1
22nd	1
229	1
220s	1
220000	1
220	1
21stuck	1
21it	1
21and	1
217	1
213	1
212	1
20word	1
20plus	1
20i	1
207i	1
2060k	1
206	1
2049	1
2015	1
2013some	1
2013hope	1
200am	1
200300	1
2000000	1
20000	1
1you	1
1year	1
1ups	1
1uninstalled	1
1touch	1
1to	1
1seems	1
1person	1
1or	1
1of	1
1moreword	1
1live	1
1hammer	1
1ever	1
1d	1
199s	1
199if	1
199because	1
1990	1
1987	1
1984	1
1983	1
1952	1
194	1
1939d	1
18th	1
18monthold	1
185	1
184	1
183	1
1820	1
17pretty	1
17moves	1
17min	1
179	1
176	1
174i	1
17466	1
173stars	1
164	1
161	1
160i	1
160and	1
160000	1
15minutes	1
15k	1
159	1
158	1
1560	1
15510	1
155	1
154have	1
15402	1
1530	1
152	1
151	1
150m	1
150jgoins	1
14or	1
147im	1
145	1
144000	1
143	1
142	1
13th	1
13i	1
13can	1
139currentlythis	1
137	1
135mb	1
1334	1
1314	1
12years	1
12th	1
12step	1
12min	1
1262013i	1
125been	1
1257	1
124	1
1231	1
1230am	1
1230	1
1224	1
1221the	1
121713	1
12092013irishpride57ymail	1
1199	1
118and	1
1182	1
1181	1
1162013	1
114	1
1130	1
113	1
112	1
1113	1
1111	1
111	1
11000	1
10x	1
10th	1
10stars	1
10so	1
10lol	1
10k	1
10gb	1
10fast	1
1092	1
108	1
105660	1
104was	1
104then	1
1040	1
10340	1
102you	1
102000	1
10182013	1
100before	1
100and	1
10035346yahoo	1
10000000100	1
10000000000000000	1
10000000	1
1000000	1
10000	1
0to	1
0o	1
099i	1
099cent	1
09934	1
000	1
